taxonUUID,taxonRank,kingdom,taiCOLNameCode,tfNameCode,simplifiedScientificName,scientificName,reason,number_of_occurrence,TT_URL
49e7c14b-438f-4952-ac66-363d498040e1,order,Animalia,t0001800,"",Poecilostomatoida,Poecilostomatoida,taiCOLNameCode重複,233,https://taxatree.tbn.org.tw/taxa/49e7c14b-438f-4952-ac66-363d498040e1
e10d98fb-2f8f-4fdd-9f72-ada1e9a2e056,order,Animalia,t0001800,"",Cyclopoida,Cyclopoida,taiCOLNameCode重複,104,https://taxatree.tbn.org.tw/taxa/e10d98fb-2f8f-4fdd-9f72-ada1e9a2e056
7598d2d0-e427-486a-b775-21fdec16afb5,order,Animalia,t0001930,"",Lampridiformes,Lampridiformes,taiCOLNameCode重複,54,https://taxatree.tbn.org.tw/taxa/7598d2d0-e427-486a-b775-21fdec16afb5
51063950-c843-4476-9532-508b3afc378c,order,Animalia,t0001930,"",Lampriformes,Lampriformes,taiCOLNameCode重複,1,https://taxatree.tbn.org.tw/taxa/51063950-c843-4476-9532-508b3afc378c
1cbdd4ce-4de7-4489-ae6a-917e82d22857,family,Animalia,t0004191,"",Oecobiidae,Oecobiidae,taiCOLNameCode重複,22,https://taxatree.tbn.org.tw/taxa/1cbdd4ce-4de7-4489-ae6a-917e82d22857
aab869af-3661-47da-bf86-86f2a9220067,family,Animalia,t0004191,"",Urocteidae,Urocteidae,taiCOLNameCode重複,1,https://taxatree.tbn.org.tw/taxa/aab869af-3661-47da-bf86-86f2a9220067
62e13941-5b7d-4738-842b-fc38f55a41eb,family,Animalia,t0004083,"",Balanidae,Balanidae,taiCOLNameCode重複,407,https://taxatree.tbn.org.tw/taxa/62e13941-5b7d-4738-842b-fc38f55a41eb
f1074b32-b17c-4a10-b5c0-21717b28b7d4,family,Animalia,t0004083,"",Archaeobalanidae,Archaeobalanidae,taiCOLNameCode重複,1,https://taxatree.tbn.org.tw/taxa/f1074b32-b17c-4a10-b5c0-21717b28b7d4
fb5d8921-3af4-47c2-81b3-e406c52fb60d,family,Animalia,t0004013,"",Poecilasmatidae,Poecilasmatidae,taiCOLNameCode重複,13,https://taxatree.tbn.org.tw/taxa/fb5d8921-3af4-47c2-81b3-e406c52fb60d
2d9c8b72-3c4d-489d-8ad7-99a5f6ff85b2,family,Animalia,t0004013,"",Oxynaspididae,Oxynaspididae,taiCOLNameCode重複,0,https://taxatree.tbn.org.tw/taxa/2d9c8b72-3c4d-489d-8ad7-99a5f6ff85b2
1f990f65-b360-43c9-ab2c-2e7ec9b1917d,genus,Animalia,t0012329,"",Cosell,Cosell,taiCOLNameCode重複,0,https://taxatree.tbn.org.tw/taxa/1f990f65-b360-43c9-ab2c-2e7ec9b1917d
dd91addf-d615-4f32-996e-59c934fefcf4,genus,Animalia,t0012329,"",Cosella,Cosella,taiCOLNameCode重複,0,https://taxatree.tbn.org.tw/taxa/dd91addf-d615-4f32-996e-59c934fefcf4
2e733415-0075-49ea-b5b1-1203b3d59efd,genus,Animalia,t0021530,"",Lariniaria,Lariniaria,taiCOLNameCode重複,34,https://taxatree.tbn.org.tw/taxa/2e733415-0075-49ea-b5b1-1203b3d59efd
d20f865f-92f1-4027-b466-9c56df747dc6,genus,Animalia,t0021530,"",Lipocrea,Lipocrea,taiCOLNameCode重複,1,https://taxatree.tbn.org.tw/taxa/d20f865f-92f1-4027-b466-9c56df747dc6
ff2ea52c-1d12-413f-8472-d3e347364221,genus,Animalia,t0015639,"",Takachihoa,Takachihoa,taiCOLNameCode重複,2,https://taxatree.tbn.org.tw/taxa/ff2ea52c-1d12-413f-8472-d3e347364221
ee25f3a8-cd62-416e-acd3-8b1515752bd8,genus,Animalia,t0015639,"",Pycnaxis,Pycnaxis,taiCOLNameCode重複,34,https://taxatree.tbn.org.tw/taxa/ee25f3a8-cd62-416e-acd3-8b1515752bd8
37f6af3a-495c-4c48-a6ae-530ba41decb4,genus,Animalia,t0021530,"",Larinia,Larinia,taiCOLNameCode重複,35,https://taxatree.tbn.org.tw/taxa/37f6af3a-495c-4c48-a6ae-530ba41decb4
72bb4713-6919-47ab-99a3-ab280038b6c2,genus,Animalia,t0018261,"",Pseudotriaeris,Pseudotriaeris,taiCOLNameCode重複,0,https://taxatree.tbn.org.tw/taxa/72bb4713-6919-47ab-99a3-ab280038b6c2
68aeb331-35b4-4ef0-9b3b-f34900ac57d7,genus,Animalia,t0018261,"",Xyphinus,Xyphinus,taiCOLNameCode重複,2,https://taxatree.tbn.org.tw/taxa/68aeb331-35b4-4ef0-9b3b-f34900ac57d7
a259ca7e-a413-40b1-8d77-d89d4425a492,genus,Animalia,t0011732,"",Cheiracanthium,Cheiracanthium,taiCOLNameCode重複,195,https://taxatree.tbn.org.tw/taxa/a259ca7e-a413-40b1-8d77-d89d4425a492
02531bda-5ccf-4287-9b3d-51f0980929bf,genus,Animalia,t0016383,"",Pakawops,Pakawops,taiCOLNameCode重複,2,https://taxatree.tbn.org.tw/taxa/02531bda-5ccf-4287-9b3d-51f0980929bf
7ca06c8f-84fd-435e-b8ce-d1469db9f4ef,genus,Animalia,t0011732,"",Eutittha,Eutittha,taiCOLNameCode重複,0,https://taxatree.tbn.org.tw/taxa/7ca06c8f-84fd-435e-b8ce-d1469db9f4ef
1cc3b16c-5a5c-4213-a214-4c5073be663b,genus,Animalia,t0092379,"",Falcileptoneata,Falcileptoneata,taiCOLNameCode重複,0,https://taxatree.tbn.org.tw/taxa/1cc3b16c-5a5c-4213-a214-4c5073be663b
8856ce08-dd89-4094-9e47-cc8483d1ef5e,genus,Animalia,t0092379,"",Falcileptoneta,Falcileptoneta,taiCOLNameCode重複,0,https://taxatree.tbn.org.tw/taxa/8856ce08-dd89-4094-9e47-cc8483d1ef5e
4d784b62-0b7d-4b88-a675-ac5d84d4ef0e,genus,Animalia,t0016383,"",Siamspinops,Siamspinops,taiCOLNameCode重複,131,https://taxatree.tbn.org.tw/taxa/4d784b62-0b7d-4b88-a675-ac5d84d4ef0e
442256ae-3472-4042-a50e-9fda57b1bf5f,genus,Animalia,t0009778,"",Amblyomma,Amblyomma,taiCOLNameCode重複,17,https://taxatree.tbn.org.tw/taxa/442256ae-3472-4042-a50e-9fda57b1bf5f
9d26f14f-02da-4596-8b48-5ff0b51efaad,genus,Animalia,t0009778,"",Aponomma,Aponomma,taiCOLNameCode重複,0,https://taxatree.tbn.org.tw/taxa/9d26f14f-02da-4596-8b48-5ff0b51efaad
73e504a7-55d6-4c8e-b8d4-9cc47eaf1915,genus,Animalia,t0014331,"",Penaeus,Penaeus,taiCOLNameCode重複,831,https://taxatree.tbn.org.tw/taxa/73e504a7-55d6-4c8e-b8d4-9cc47eaf1915
58d96355-7f02-4682-8cc5-b99ccf6bbf46,genus,Animalia,t0014331,"",Peuaeus,Peuaeus,taiCOLNameCode重複,0,https://taxatree.tbn.org.tw/taxa/58d96355-7f02-4682-8cc5-b99ccf6bbf46
9e8fa204-31c2-4cab-a221-435803e79287,genus,Animalia,t0011753,"",Cheloniba,Cheloniba,taiCOLNameCode重複,0,https://taxatree.tbn.org.tw/taxa/9e8fa204-31c2-4cab-a221-435803e79287
ec9090fc-a7bd-4f3f-b82e-4c25dd544d13,genus,Animalia,t0011753,"",Chelonibia,Chelonibia,taiCOLNameCode重複,31,https://taxatree.tbn.org.tw/taxa/ec9090fc-a7bd-4f3f-b82e-4c25dd544d13
578f61e2-ce09-497a-aeb1-de2c49d28cc9,genus,Animalia,t0019151,"",Emberiza,Emberiza,taiCOLNameCode重複,180082,https://taxatree.tbn.org.tw/taxa/578f61e2-ce09-497a-aeb1-de2c49d28cc9
4eeb1d83-39f4-4f27-a614-a618924a575a,genus,Animalia,t0019151,"",Melophus,Melophus,taiCOLNameCode重複,0,https://taxatree.tbn.org.tw/taxa/4eeb1d83-39f4-4f27-a614-a618924a575a
afe6ce6e-ce42-45e4-aeda-bd283f5c6e0a,genus,Animalia,t0009829,"",Amphiesma,Amphiesma,taiCOLNameCode重複,1234,https://taxatree.tbn.org.tw/taxa/afe6ce6e-ce42-45e4-aeda-bd283f5c6e0a
e23b6b06-5c62-4f39-8a66-371aee0ca319,genus,Animalia,t0013635,"",Elaphe,Elaphe,taiCOLNameCode重複,3167,https://taxatree.tbn.org.tw/taxa/e23b6b06-5c62-4f39-8a66-371aee0ca319
d7f255c4-e0b0-47ed-92d1-bdd324b75a83,genus,Animalia,t0013635,"",Orthriophis,Orthriophis,taiCOLNameCode重複,23,https://taxatree.tbn.org.tw/taxa/d7f255c4-e0b0-47ed-92d1-bdd324b75a83
2f8475b5-fbed-4afc-925a-4fc12c10a262,genus,Animalia,t0021950,"",Lobophyllia,Lobophyllia,taiCOLNameCode重複,859,https://taxatree.tbn.org.tw/taxa/2f8475b5-fbed-4afc-925a-4fc12c10a262
aa4db525-a5f4-4988-8515-1aaa73abd4d6,genus,Animalia,t0021950,"",Symphyllia,Symphyllia,taiCOLNameCode重複,0,https://taxatree.tbn.org.tw/taxa/aa4db525-a5f4-4988-8515-1aaa73abd4d6
9f6903db-461a-4f45-ad5e-23ff84ab01ec,genus,Animalia,t0011480,"",Caulastrea,Caulastrea,taiCOLNameCode重複,49,https://taxatree.tbn.org.tw/taxa/9f6903db-461a-4f45-ad5e-23ff84ab01ec
0f5b76b2-1790-4419-af8c-a627853fd310,genus,Animalia,t0011480,"",Caulastraea,Caulastraea,taiCOLNameCode重複,4,https://taxatree.tbn.org.tw/taxa/0f5b76b2-1790-4419-af8c-a627853fd310
6517e621-ed85-4e63-98b2-e371358e4bc0,genus,Animalia,t0015036,"",Pompholys,Pompholys,taiCOLNameCode重複,0,https://taxatree.tbn.org.tw/taxa/6517e621-ed85-4e63-98b2-e371358e4bc0
165b07fa-4651-49f8-921c-a01740cf3c54,genus,Animalia,t0015036,"",Pompholyx,Pompholyx,taiCOLNameCode重複,96,https://taxatree.tbn.org.tw/taxa/165b07fa-4651-49f8-921c-a01740cf3c54
d1066946-adba-440f-b87a-6c03bf0e74c0,genus,Animalia,t0014139,"",Parastrangalis,Parastrangalis,taiCOLNameCode重複,86,https://taxatree.tbn.org.tw/taxa/d1066946-adba-440f-b87a-6c03bf0e74c0
981a465c-16ad-455d-a342-9334084373b6,genus,Animalia,t0014139,"",Strangaliella,Strangaliella,taiCOLNameCode重複,0,https://taxatree.tbn.org.tw/taxa/981a465c-16ad-455d-a342-9334084373b6
780ef936-c226-4f07-a9ab-ec9346c8455a,genus,Animalia,t0009646,"",Alesia,Alesia,taiCOLNameCode重複,0,https://taxatree.tbn.org.tw/taxa/780ef936-c226-4f07-a9ab-ec9346c8455a
b6bc6282-a125-4cc5-a884-393b38635097,genus,Animalia,t0009646,"",Micraspis,Micraspis,taiCOLNameCode重複,2709,https://taxatree.tbn.org.tw/taxa/b6bc6282-a125-4cc5-a884-393b38635097
d2bba599-d2f6-4296-8a0a-942a59dfafa2,genus,Animalia,t0009646,"",Verania,Verania,taiCOLNameCode重複,0,https://taxatree.tbn.org.tw/taxa/d2bba599-d2f6-4296-8a0a-942a59dfafa2
d5a83005-3ebf-4ef6-8dbc-629473a90d0b,genus,Animalia,t0016418,"",Silvanophus,Silvanophus,taiCOLNameCode重複,0,https://taxatree.tbn.org.tw/taxa/d5a83005-3ebf-4ef6-8dbc-629473a90d0b
30a3685d-e3a2-4eed-94ad-6a2ad22d0aae,genus,Animalia,t0016418,"",Silvanoprus,Silvanoprus,taiCOLNameCode重複,0,https://taxatree.tbn.org.tw/taxa/30a3685d-e3a2-4eed-94ad-6a2ad22d0aae
79b7b7f8-b98e-46cb-bec2-d5b7583edd0a,genus,Animalia,t0015501,"",Pseudoxyroptila,Pseudoxyroptila,taiCOLNameCode重複,5,https://taxatree.tbn.org.tw/taxa/79b7b7f8-b98e-46cb-bec2-d5b7583edd0a
1b3dbf17-4774-4e61-8a3a-39340fc3446d,genus,Animalia,t0015501,"",Pseudoxyroptilatila,Pseudoxyroptilatila,taiCOLNameCode重複,0,https://taxatree.tbn.org.tw/taxa/1b3dbf17-4774-4e61-8a3a-39340fc3446d
24ab3ac7-3aa9-4386-8689-cbfb2d943216,genus,Animalia,t0013815,"",Palionebris,Palionebris,taiCOLNameCode重複,0,https://taxatree.tbn.org.tw/taxa/24ab3ac7-3aa9-4386-8689-cbfb2d943216
fa240400-c653-43e6-bec6-dc3a95e86e5c,genus,Animalia,t0012742,"",Namatopogon,Namatopogon,taiCOLNameCode重複,0,https://taxatree.tbn.org.tw/taxa/fa240400-c653-43e6-bec6-dc3a95e86e5c
cc4d9136-4b05-4fdf-b22c-bf58d843a84f,genus,Animalia,t0012742,"",Nematopogon,Nematopogon,taiCOLNameCode重複,0,https://taxatree.tbn.org.tw/taxa/cc4d9136-4b05-4fdf-b22c-bf58d843a84f
b4fb6d56-7e4a-406b-822e-5cb6d7184fd9,genus,Animalia,t0013815,"",Trachydora,Trachydora,taiCOLNameCode重複,0,https://taxatree.tbn.org.tw/taxa/b4fb6d56-7e4a-406b-822e-5cb6d7184fd9
6807e765-4c1c-488e-b857-8713729b6dcd,genus,Animalia,t0017666,"",Triantennaria,Triantennaria,taiCOLNameCode重複,0,https://taxatree.tbn.org.tw/taxa/6807e765-4c1c-488e-b857-8713729b6dcd
547442d6-3e57-4f36-900d-c7ae7cbaefd7,genus,Animalia,t0017666,"",Tripartita,Tripartita,taiCOLNameCode重複,0,https://taxatree.tbn.org.tw/taxa/547442d6-3e57-4f36-900d-c7ae7cbaefd7
3fc2cde3-26da-4515-bc12-c11998bd0b01,genus,Animalia,t0016069,"",Sarcophaga,Sarcophaga,taiCOLNameCode重複,639,https://taxatree.tbn.org.tw/taxa/3fc2cde3-26da-4515-bc12-c11998bd0b01
b3070d75-42ed-49dc-926f-98bb5ae7da18,genus,Animalia,t0016069,"",Sarcotakaops,Sarcotakaops,taiCOLNameCode重複,0,https://taxatree.tbn.org.tw/taxa/b3070d75-42ed-49dc-926f-98bb5ae7da18
20f10778-cd2c-46d9-b6d0-9003539c4ba3,genus,Animalia,t0016902,"",Stronglyophthalmyia,Stronglyophthalmyia,taiCOLNameCode重複,0,https://taxatree.tbn.org.tw/taxa/20f10778-cd2c-46d9-b6d0-9003539c4ba3
5a259ae5-b4bb-4e9a-93d7-6be20a4100f1,genus,Animalia,t0016902,"",Strongylophthalmyia,Strongylophthalmyia,taiCOLNameCode重複,2,https://taxatree.tbn.org.tw/taxa/5a259ae5-b4bb-4e9a-93d7-6be20a4100f1
78dd95bc-1847-465e-9451-a3aff3275875,genus,Animalia,t0006932,"",Cutilia,Cutilia,taiCOLNameCode重複,0,https://taxatree.tbn.org.tw/taxa/78dd95bc-1847-465e-9451-a3aff3275875
af538b21-bd06-4616-abf5-b6532d726a6a,genus,Animalia,t0006932,"",Melanozosteria,Melanozosteria,taiCOLNameCode重複,0,https://taxatree.tbn.org.tw/taxa/af538b21-bd06-4616-abf5-b6532d726a6a
d419e737-9e98-443d-877f-f3d5e09b9cf3,subclass,Plantae,t0000562,"",Psilotidae,Psilotidae,taiCOLNameCode重複,5652,https://taxatree.tbn.org.tw/taxa/d419e737-9e98-443d-877f-f3d5e09b9cf3
c85b5302-26d6-4fdd-be70-b3e39fc1c417,subclass,Plantae,t0000562,"",Ophioglossidae,Ophioglossidae,taiCOLNameCode重複,1888,https://taxatree.tbn.org.tw/taxa/c85b5302-26d6-4fdd-be70-b3e39fc1c417
50e00070-143f-46d8-966f-0211c21f0ace,family,Plantae,t0002323,"",Dioscoreaceae,Dioscoreaceae,taiCOLNameCode重複,8483,https://taxatree.tbn.org.tw/taxa/50e00070-143f-46d8-966f-0211c21f0ace
dc2848e6-48dd-47c5-a543-0e5325c6cf8a,family,Plantae,t0002323,"",Taccaceae,Taccaceae,taiCOLNameCode重複,56,https://taxatree.tbn.org.tw/taxa/dc2848e6-48dd-47c5-a543-0e5325c6cf8a
c3e6a6bd-29f0-476d-ac8c-9bc111cfa4e6,genus,Plantae,t0009032,"",Leptolepia,Leptolepia,taiCOLNameCode重複,0,https://taxatree.tbn.org.tw/taxa/c3e6a6bd-29f0-476d-ac8c-9bc111cfa4e6
a22b4dfa-1623-4a3d-bc6b-3d10b8bb9c2a,genus,Plantae,t0009032,"",Oenotrichia,Oenotrichia,taiCOLNameCode重複,0,https://taxatree.tbn.org.tw/taxa/a22b4dfa-1623-4a3d-bc6b-3d10b8bb9c2a
e0e38713-0e8c-4a0a-8661-1b64c4207c99,genus,Plantae,t0009032,"",Dennstaedtia,Dennstaedtia,taiCOLNameCode重複,2815,https://taxatree.tbn.org.tw/taxa/e0e38713-0e8c-4a0a-8661-1b64c4207c99
4ebdcad5-b566-49ba-97ce-ca293c38dbc4,genus,Plantae,t0024222,"",Magnolia,Magnolia,taiCOLNameCode重複,985,https://taxatree.tbn.org.tw/taxa/4ebdcad5-b566-49ba-97ce-ca293c38dbc4
34372d0f-cf4b-4698-a8ba-69dbb91f3314,genus,Plantae,t0024222,"",Michelia,Michelia,taiCOLNameCode重複,4139,https://taxatree.tbn.org.tw/taxa/34372d0f-cf4b-4698-a8ba-69dbb91f3314
2dc58bd1-6800-4498-a187-176cb8be8a1e,genus,Plantae,t0023351,"",Calanthe,Calanthe,taiCOLNameCode重複,4638,https://taxatree.tbn.org.tw/taxa/2dc58bd1-6800-4498-a187-176cb8be8a1e
8b3e89f0-39cd-4a7c-bf46-8f175e533fc5,genus,Plantae,t0023351,"",Cephalantheropsis,Cephalantheropsis,taiCOLNameCode重複,807,https://taxatree.tbn.org.tw/taxa/8b3e89f0-39cd-4a7c-bf46-8f175e533fc5
408d13e0-a269-4011-afc9-6b7d88e30a62,genus,Plantae,t0023351,"",Paraphaius,Paraphaius,taiCOLNameCode重複,200,https://taxatree.tbn.org.tw/taxa/408d13e0-a269-4011-afc9-6b7d88e30a62
bf7e6655-1598-4e9b-b51b-4651dfc3cc4c,genus,Plantae,t0023351,"",Phaius,Phaius,taiCOLNameCode重複,380,https://taxatree.tbn.org.tw/taxa/bf7e6655-1598-4e9b-b51b-4651dfc3cc4c
4275e08a-f3a6-43ef-a264-73dd83f25a4f,genus,Plantae,t0023351,"",Styloglossum,Styloglossum,taiCOLNameCode重複,734,https://taxatree.tbn.org.tw/taxa/4275e08a-f3a6-43ef-a264-73dd83f25a4f
74cf6f20-cb4d-4d1e-b22b-ca062565dd67,genus,Plantae,t0025085,"",Vanda,Vanda,taiCOLNameCode重複,36,https://taxatree.tbn.org.tw/taxa/74cf6f20-cb4d-4d1e-b22b-ca062565dd67
831a5291-4b24-4e9a-9fbc-fcfb5b14aeac,genus,Plantae,t0025085,"",Euanthe,Euanthe,taiCOLNameCode重複,0,https://taxatree.tbn.org.tw/taxa/831a5291-4b24-4e9a-9fbc-fcfb5b14aeac
66b33dc5-298d-4d97-a906-dfdf9c532ca9,genus,Plantae,t0002523,"",Campylandra,Campylandra,taiCOLNameCode重複,22,https://taxatree.tbn.org.tw/taxa/66b33dc5-298d-4d97-a906-dfdf9c532ca9
9db8652b-669d-4e5b-96bd-f76378cb4e5f,genus,Plantae,t0002523,"",Rohdea,Rohdea,taiCOLNameCode重複,210,https://taxatree.tbn.org.tw/taxa/9db8652b-669d-4e5b-96bd-f76378cb4e5f
30e83e13-7764-4bae-97db-60a9341dc098,genus,Plantae,t0002629,"",Breynia,Breynia,taiCOLNameCode重複,2686,https://taxatree.tbn.org.tw/taxa/30e83e13-7764-4bae-97db-60a9341dc098
d930584e-9040-4e5a-a6e8-2ba337312737,genus,Plantae,t0002629,"",Synostemon,Synostemon,taiCOLNameCode重複,272,https://taxatree.tbn.org.tw/taxa/d930584e-9040-4e5a-a6e8-2ba337312737
5b9d09e0-8743-4f09-9a4d-a0a81627017b,genus,Plantae,t0023832,"",Eutrema,Eutrema,taiCOLNameCode重複,77,https://taxatree.tbn.org.tw/taxa/5b9d09e0-8743-4f09-9a4d-a0a81627017b
ba0fcebf-ecb8-4df2-b6b5-894eaf75d81b,genus,Plantae,t0023832,"",Wasabia,Wasabia,taiCOLNameCode重複,10,https://taxatree.tbn.org.tw/taxa/ba0fcebf-ecb8-4df2-b6b5-894eaf75d81b
1dacdd11-b3b5-477d-a888-221f94f2ce3f,genus,Plantae,t0002687,"",Cardiandra,Cardiandra,taiCOLNameCode重複,234,https://taxatree.tbn.org.tw/taxa/1dacdd11-b3b5-477d-a888-221f94f2ce3f
6050b164-f36e-4988-b009-0d77ff453cf6,genus,Plantae,t0002687,"",Hydrangea,Hydrangea,taiCOLNameCode重複,14474,https://taxatree.tbn.org.tw/taxa/6050b164-f36e-4988-b009-0d77ff453cf6
6f1a6779-6e1e-4d01-ae0b-4cf09f4a59c6,genus,Plantae,t0002687,"",Pileostegia,Pileostegia,taiCOLNameCode重複,1486,https://taxatree.tbn.org.tw/taxa/6f1a6779-6e1e-4d01-ae0b-4cf09f4a59c6
983644c4-941f-4c3b-be84-7df623ea80c9,genus,Plantae,t0002687,"",Schizophragma,Schizophragma,taiCOLNameCode重複,669,https://taxatree.tbn.org.tw/taxa/983644c4-941f-4c3b-be84-7df623ea80c9
f6861ff4-e330-4b5a-88ee-8c41fcd68377,genus,Plantae,t0002688,"",Benthamidia,Benthamidia,taiCOLNameCode重複,139,https://taxatree.tbn.org.tw/taxa/f6861ff4-e330-4b5a-88ee-8c41fcd68377
f6526d29-ca73-4e61-bbdb-8278c69fc17e,genus,Plantae,t0002688,"",Cornus,Cornus,taiCOLNameCode重複,170,https://taxatree.tbn.org.tw/taxa/f6526d29-ca73-4e61-bbdb-8278c69fc17e
4abe28e2-a08f-4f58-b75e-e38846c4b165,genus,Plantae,t0002696,"",Anagallis,Anagallis,taiCOLNameCode重複,364,https://taxatree.tbn.org.tw/taxa/4abe28e2-a08f-4f58-b75e-e38846c4b165
be24c702-d13e-4ca6-8764-2ead1fd4b6b2,genus,Plantae,t0002696,"",Lysimachia,Lysimachia,taiCOLNameCode重複,5297,https://taxatree.tbn.org.tw/taxa/be24c702-d13e-4ca6-8764-2ead1fd4b6b2
4e1684d6-43f7-403f-a704-3112173a774b,genus,Plantae,t0002696,"",Glaux,Glaux,taiCOLNameCode重複,0,https://taxatree.tbn.org.tw/taxa/4e1684d6-43f7-403f-a704-3112173a774b
a619041e-da1e-4666-8c74-e5829bd8bbff,genus,Plantae,t0002696,"",Trientalis,Trientalis,taiCOLNameCode重複,2,https://taxatree.tbn.org.tw/taxa/a619041e-da1e-4666-8c74-e5829bd8bbff
817c567f-a8ff-473f-9a3c-01ab56d0af81,genus,Plantae,t0002519,"",Tylophora,Tylophora,taiCOLNameCode重複,2863,https://taxatree.tbn.org.tw/taxa/817c567f-a8ff-473f-9a3c-01ab56d0af81
cb603d38-7e95-4f0a-8cca-bc90f6753f46,genus,Plantae,t0002795,"",Heliotropium,Heliotropium,taiCOLNameCode重複,2981,https://taxatree.tbn.org.tw/taxa/cb603d38-7e95-4f0a-8cca-bc90f6753f46
b7268b71-85b9-4996-b26f-e2309a592474,genus,Plantae,t0002795,"",Tournefortia,Tournefortia,taiCOLNameCode重複,15,https://taxatree.tbn.org.tw/taxa/b7268b71-85b9-4996-b26f-e2309a592474
ee9daa7c-a46e-4549-9846-005c4765a4cb,genus,Plantae,t0002519,"",Vincetoxicum,Vincetoxicum,taiCOLNameCode重複,143,https://taxatree.tbn.org.tw/taxa/ee9daa7c-a46e-4549-9846-005c4765a4cb
874d9919-9813-470a-8973-fb07926d7ba1,family,Podiata,t0003454,"",Polyporaceae,Polyporaceae,taiCOLNameCode重複,1058,https://taxatree.tbn.org.tw/taxa/874d9919-9813-470a-8973-fb07926d7ba1
4591e472-9f58-42c4-ba74-609157e53218,family,Podiata,t0003454,"",Ganodermataceae,Ganodermataceae,taiCOLNameCode重複,96,https://taxatree.tbn.org.tw/taxa/4591e472-9f58-42c4-ba74-609157e53218
fa561dd6-3909-42f3-9bc2-e4444c64c707,species,Animalia,t0009829,"",Amphiesma sp.,Amphiesma sp.,taiCOLNameCode重複,11,https://taxatree.tbn.org.tw/taxa/fa561dd6-3909-42f3-9bc2-e4444c64c707
0d710e9d-a114-48fc-bc1c-e23047efa39a,species,Plantae,t0074122,"",Gloriosa superba,Gloriosa superba L.,taiCOLNameCode重複,11,https://taxatree.tbn.org.tw/taxa/0d710e9d-a114-48fc-bc1c-e23047efa39a
9591ead2-8052-4758-99b9-3f801db24ef9,infraspecies,Plantae,t0074122,"",Gloriosa superba Greenii,Gloriosa superba 'Greenii',taiCOLNameCode重複,0,https://taxatree.tbn.org.tw/taxa/9591ead2-8052-4758-99b9-3f801db24ef9
3e7404a6-6312-4440-8f17-63d4a4ba5fb3,infraspecies,Plantae,t0084633,"",Skimmia japonica distincte-venulosa orthoclada,Skimmia japonica subsp. distincte-venulosa (Hayata) T.C.Ho var. orthoclada,taiCOLNameCode重複,222,https://taxatree.tbn.org.tw/taxa/3e7404a6-6312-4440-8f17-63d4a4ba5fb3
9f2f33b0-35d4-4f20-a63b-14660926ec67,infraspecies,Plantae,t0084633,"",Skimmia japonica distincte-venulosa,Skimmia japonica subsp. distincte-venulosa (Hayata) T.C.Ho,taiCOLNameCode重複,17,https://taxatree.tbn.org.tw/taxa/9f2f33b0-35d4-4f20-a63b-14660926ec67
0d0556eb-8aca-43e9-b8c3-73e441d9f07d,genus,Plantae,t0023205,"",Aptychella,Aptychella,taiCOLNameCode重複,99,https://taxatree.tbn.org.tw/taxa/0d0556eb-8aca-43e9-b8c3-73e441d9f07d
1eb8ceae-a575-4fe8-a39c-e0f65f8d52f2,genus,Plantae,t0023205,"",Clastobryopsis,Clastobryopsis,taiCOLNameCode重複,1,https://taxatree.tbn.org.tw/taxa/1eb8ceae-a575-4fe8-a39c-e0f65f8d52f2
c81c2d9d-6ab5-461f-ba33-48c46fd7a98f,domain,"","","",Bacteria,Bacteria,學名重複,42628,https://taxatree.tbn.org.tw/taxa/c81c2d9d-6ab5-461f-ba33-48c46fd7a98f
b97f04e6-e040-43c4-a957-4c1d09c2094f,kingdom,Cryptista,"","",Cryptista,Cryptista,學名重複,0,https://taxatree.tbn.org.tw/taxa/b97f04e6-e040-43c4-a957-4c1d09c2094f
37612a37-510c-4623-98d7-c9988cae908a,kingdom,Fungi,t0000008,"",Fungi,Fungi,學名重複,15129,https://taxatree.tbn.org.tw/taxa/37612a37-510c-4623-98d7-c9988cae908a
de1d8bfb-3271-428b-86cc-303471dc4040,kingdom,Bacteria,t0000005,"",Bacteria,Bacteria,學名重複,42626,https://taxatree.tbn.org.tw/taxa/de1d8bfb-3271-428b-86cc-303471dc4040
04a87524-3ed5-495d-ab3e-a5689ba55487,order,Animalia,t0002064,"",Pholidota,Pholidota,學名重複,4035,https://taxatree.tbn.org.tw/taxa/04a87524-3ed5-495d-ab3e-a5689ba55487
3316e7dc-d682-465d-8816-6b3c01f755a9,genus,Animalia,t0020305,"",Gustavia,Gustavia,學名重複,0,https://taxatree.tbn.org.tw/taxa/3316e7dc-d682-465d-8816-6b3c01f755a9
fa5a85b7-9570-4bcf-89c7-ba6249b7967a,genus,Animalia,t0009403,"",Actaea,Actaea,學名重複,3,https://taxatree.tbn.org.tw/taxa/fa5a85b7-9570-4bcf-89c7-ba6249b7967a
f627860c-0482-4395-9aed-5e7926da79f1,genus,Animalia,t0017679,"",Trichia,Trichia,學名重複,0,https://taxatree.tbn.org.tw/taxa/f627860c-0482-4395-9aed-5e7926da79f1
dd7858f4-5dc2-42ca-ab01-85b356179aae,genus,Animalia,t0021149,"",Ione,Ione,學名重複,0,https://taxatree.tbn.org.tw/taxa/dd7858f4-5dc2-42ca-ab01-85b356179aae
9a1555e2-fb63-4063-8bec-6a755f824ba1,genus,Animalia,t0008911,"",Kurzia,Kurzia,學名重複,4,https://taxatree.tbn.org.tw/taxa/9a1555e2-fb63-4063-8bec-6a755f824ba1
904ac4b5-7a51-4cf2-8078-c3aff3526051,genus,Animalia,t0008785,"",Tydemania,Tydemania,學名重複,10,https://taxatree.tbn.org.tw/taxa/904ac4b5-7a51-4cf2-8078-c3aff3526051
ad8170a9-a1c8-4c24-8847-d0fe674a1e0c,genus,Animalia,t0018460,"",Decodon,Decodon,學名重複,8,https://taxatree.tbn.org.tw/taxa/ad8170a9-a1c8-4c24-8847-d0fe674a1e0c
3dac74c4-6ee5-4ee2-89ea-f456295a3f33,genus,Animalia,t0021446,"",Lactarius,Lactarius,學名重複,1,https://taxatree.tbn.org.tw/taxa/3dac74c4-6ee5-4ee2-89ea-f456295a3f33
c6afdfc3-bf18-4ceb-88b7-b28bfd8710b5,genus,Animalia,t0008789,"",Woodsia,Woodsia,學名重複,7,https://taxatree.tbn.org.tw/taxa/c6afdfc3-bf18-4ceb-88b7-b28bfd8710b5
a6b0bd81-b456-4290-b3f4-cf5cad8b8926,genus,Animalia,t0015956,"",Rondeletia,Rondeletia,學名重複,6,https://taxatree.tbn.org.tw/taxa/a6b0bd81-b456-4290-b3f4-cf5cad8b8926
41844a4d-2342-48bc-9630-4c01601e6989,genus,Animalia,t0011820,"",Chloris,Chloris,學名重複,8740,https://taxatree.tbn.org.tw/taxa/41844a4d-2342-48bc-9630-4c01601e6989
6daf9e33-3952-43d5-9ba8-9f6f48b2e9c2,genus,Animalia,t0008916,"",Linaria,Linaria,學名重複,14,https://taxatree.tbn.org.tw/taxa/6daf9e33-3952-43d5-9ba8-9f6f48b2e9c2
1c4ea7bc-39fe-4f15-bad1-426c0a5242ed,genus,Animalia,t0009376,"",Acrocephalus,Acrocephalus,學名重複,17383,https://taxatree.tbn.org.tw/taxa/1c4ea7bc-39fe-4f15-bad1-426c0a5242ed
b73ba836-1fba-4b99-bddf-a5aa2dcffe96,genus,Animalia,t0021618,"",Leiothrix,Leiothrix,學名重複,134,https://taxatree.tbn.org.tw/taxa/b73ba836-1fba-4b99-bddf-a5aa2dcffe96
f7c24568-10b2-40ae-bb66-0b6a16593a05,genus,Animalia,t0013361,"",Oenanthe,Oenanthe,學名重複,525,https://taxatree.tbn.org.tw/taxa/f7c24568-10b2-40ae-bb66-0b6a16593a05
fa6e869b-7221-45dc-aaf6-fe06384a5237,genus,Animalia,t0015272,"",Prunella,Prunella,學名重複,4277,https://taxatree.tbn.org.tw/taxa/fa6e869b-7221-45dc-aaf6-fe06384a5237
b58ed814-b7d8-4519-ab01-7d166e579b1b,genus,Animalia,t0010303,"",Arenaria,Arenaria,學名重複,31023,https://taxatree.tbn.org.tw/taxa/b58ed814-b7d8-4519-ab01-7d166e579b1b
8575a41e-fee1-43ab-becd-dfb51e842422,genus,Animalia,t0016756,"",Stenella,Stenella,學名重複,8879,https://taxatree.tbn.org.tw/taxa/8575a41e-fee1-43ab-becd-dfb51e842422
00f9e33d-db81-4ba1-81de-cfac599d5f3e,genus,Animalia,t0009149,"",Thalia,Thalia,學名重複,4,https://taxatree.tbn.org.tw/taxa/00f9e33d-db81-4ba1-81de-cfac599d5f3e
bba5775d-6c77-4603-b7eb-e977cbbd072d,genus,Animalia,t0019930,"",Fulvia,Fulvia,學名重複,1,https://taxatree.tbn.org.tw/taxa/bba5775d-6c77-4603-b7eb-e977cbbd072d
81f2895b-43b5-4edd-bc4a-411c7360d3ac,genus,Animalia,t0008875,"",Donax,Donax,學名重複,64,https://taxatree.tbn.org.tw/taxa/81f2895b-43b5-4edd-bc4a-411c7360d3ac
e440e5e8-7113-491c-89e2-bd67bc1a675c,genus,Animalia,t0008891,"",Glossocardia,Glossocardia,學名重複,0,https://taxatree.tbn.org.tw/taxa/e440e5e8-7113-491c-89e2-bd67bc1a675c
7aa50df6-2b4c-42f4-980d-84e529ce9ffb,genus,Animalia,t0009152,"",Tiarella,Tiarella,學名重複,1,https://taxatree.tbn.org.tw/taxa/7aa50df6-2b4c-42f4-980d-84e529ce9ffb
f9b72d5c-fc7f-4f25-bd99-e4b3b3ac6149,genus,Animalia,t0008963,"",Pollia,Pollia,學名重複,50,https://taxatree.tbn.org.tw/taxa/f9b72d5c-fc7f-4f25-bd99-e4b3b3ac6149
8a3bbc8d-5e61-43f5-a81b-92f3d5188b13,genus,Animalia,t0012182,"",Colus,Colus,學名重複,0,https://taxatree.tbn.org.tw/taxa/8a3bbc8d-5e61-43f5-a81b-92f3d5188b13
bfb079e2-8df0-4923-9c6d-e8a1d5103da9,genus,Animalia,t0008933,"",Myurella,Myurella,學名重複,14,https://taxatree.tbn.org.tw/taxa/bfb079e2-8df0-4923-9c6d-e8a1d5103da9
8de13377-2d69-4aa1-b4f3-c9b9eb56eee4,genus,Animalia,t0008954,"",Perrottetia,Perrottetia,學名重複,18,https://taxatree.tbn.org.tw/taxa/8de13377-2d69-4aa1-b4f3-c9b9eb56eee4
3683b4d0-787f-40eb-985b-0ec02250f103,genus,Animalia,t0017776,"",Triphora,Triphora,學名重複,5,https://taxatree.tbn.org.tw/taxa/3683b4d0-787f-40eb-985b-0ec02250f103
bb915520-0756-4b92-8878-78c4f8549c7a,genus,Animalia,t0009349,"",Acmella,Acmella,學名重複,0,https://taxatree.tbn.org.tw/taxa/bb915520-0756-4b92-8878-78c4f8549c7a
1645ffb5-62ee-4938-93ca-287ba5d3bee4,genus,Animalia,t0021263,"",Japonia,Japonia,學名重複,46,https://taxatree.tbn.org.tw/taxa/1645ffb5-62ee-4938-93ca-287ba5d3bee4
032db506-44a2-4f1d-912c-979beb0fadd4,genus,Animalia,t0009129,"",Sabia,Sabia,學名重複,21,https://taxatree.tbn.org.tw/taxa/032db506-44a2-4f1d-912c-979beb0fadd4
cc102571-cbb4-4a2a-a48f-9633d9126b9f,genus,Animalia,t0016743,"",Stellaria,Stellaria,學名重複,44,https://taxatree.tbn.org.tw/taxa/cc102571-cbb4-4a2a-a48f-9633d9126b9f
48970af9-ea46-4ff8-b721-55d6d010bca7,genus,Animalia,t0013384,"",Okenia,Okenia,學名重複,5,https://taxatree.tbn.org.tw/taxa/48970af9-ea46-4ff8-b721-55d6d010bca7
ea9565fd-2aca-470e-b457-7f685376d8f1,genus,Animalia,t0020160,"",Glyphis,Glyphis,學名重複,0,https://taxatree.tbn.org.tw/taxa/ea9565fd-2aca-470e-b457-7f685376d8f1
8b269452-215f-42d4-9815-0bb95e837367,genus,Animalia,t0008887,"",Ficus,Ficus,學名重複,155,https://taxatree.tbn.org.tw/taxa/8b269452-215f-42d4-9815-0bb95e837367
87b883ed-533c-4c99-8130-feb6d8af8b3b,genus,Animalia,t0017876,"",Turbinaria,Turbinaria,學名重複,594,https://taxatree.tbn.org.tw/taxa/87b883ed-533c-4c99-8130-feb6d8af8b3b
b31a1dda-1182-4131-8671-543d57d626be,genus,Animalia,t0009130,"",Sarcophyton,Sarcophyton,學名重複,419,https://taxatree.tbn.org.tw/taxa/b31a1dda-1182-4131-8671-543d57d626be
951152dd-d47c-4d57-be62-fe409daa912f,genus,Animalia,t0015921,"",Rhytisma,Rhytisma,學名重複,44,https://taxatree.tbn.org.tw/taxa/951152dd-d47c-4d57-be62-fe409daa912f
6e3cc6e0-907f-4e9f-829f-00a8070718dd,genus,Animalia,t0012509,"",Culcita,Culcita,學名重複,103,https://taxatree.tbn.org.tw/taxa/6e3cc6e0-907f-4e9f-829f-00a8070718dd
fd0579df-026f-4b43-af17-4de37d38912b,genus,Animalia,t0009160,"",Breynia,Breynia,學名重複,12,https://taxatree.tbn.org.tw/taxa/fd0579df-026f-4b43-af17-4de37d38912b
ef7d2e81-0ca5-4fcb-bf79-6089d33a583f,genus,Animalia,t0010460,"",Asterina,Asterina,學名重複,0,https://taxatree.tbn.org.tw/taxa/ef7d2e81-0ca5-4fcb-bf79-6089d33a583f
685cd4f9-d397-49c5-aa1c-151a26b4c2b0,genus,Animalia,t0012735,"",Nais,Nais,學名重複,0,https://taxatree.tbn.org.tw/taxa/685cd4f9-d397-49c5-aa1c-151a26b4c2b0
79f0dfa9-4c0d-4556-ace4-f7c7e38a8fb3,order,Animalia,t0002075,"",Plecoptera,Plecoptera,學名重複,746,https://taxatree.tbn.org.tw/taxa/79f0dfa9-4c0d-4556-ace4-f7c7e38a8fb3
b79c8e85-cf8c-4c35-9950-4cdc1a31f887,genus,Animalia,t0017206,"",Tapinella,Tapinella,學名重複,0,https://taxatree.tbn.org.tw/taxa/b79c8e85-cf8c-4c35-9950-4cdc1a31f887
f7ffade5-1de0-443a-bc3b-5d4a0b1aac95,genus,Animalia,t0020683,"",Hexagonia,Hexagonia,學名重複,0,https://taxatree.tbn.org.tw/taxa/f7ffade5-1de0-443a-bc3b-5d4a0b1aac95
595559c1-0859-418e-91d0-a0e1ba9e03e9,genus,Animalia,t0011744,"",Chelidonium,Chelidonium,學名重複,4,https://taxatree.tbn.org.tw/taxa/595559c1-0859-418e-91d0-a0e1ba9e03e9
07162fa8-253e-4db2-bd80-9299cf011b7a,genus,Animalia,t0016126,"",Scaphidium,Scaphidium,學名重複,40,https://taxatree.tbn.org.tw/taxa/07162fa8-253e-4db2-bd80-9299cf011b7a
8bb57d59-bb0b-41db-a068-b48c57c17da7,genus,Animalia,t0013719,"",Oxyporus,Oxyporus,學名重複,0,https://taxatree.tbn.org.tw/taxa/8bb57d59-bb0b-41db-a068-b48c57c17da7
efff4ff7-20c2-4acf-9eb8-05d2e4cfc68c,genus,Animalia,t0009184,"",Chondria,Chondria,學名重複,3,https://taxatree.tbn.org.tw/taxa/efff4ff7-20c2-4acf-9eb8-05d2e4cfc68c
002ceacc-ad5b-4e00-b68f-0d8c3a12da77,genus,Animalia,t0008782,"",Trichodesma,Trichodesma,學名重複,1,https://taxatree.tbn.org.tw/taxa/002ceacc-ad5b-4e00-b68f-0d8c3a12da77
33e610b2-3104-4499-b5ac-37a466c2adb2,genus,Animalia,t0010092,"",Anticlea,Anticlea,學名重複,40,https://taxatree.tbn.org.tw/taxa/33e610b2-3104-4499-b5ac-37a466c2adb2
3b704432-52bc-4bb4-85dc-3be57192dfa4,genus,Animalia,t0021451,"",Laelia,Laelia,學名重複,341,https://taxatree.tbn.org.tw/taxa/3b704432-52bc-4bb4-85dc-3be57192dfa4
677c84ac-6f7f-4ff3-88cb-9d299c9870c0,genus,Animalia,t0009556,"",Aglaomorpha,Aglaomorpha,學名重複,1130,https://taxatree.tbn.org.tw/taxa/677c84ac-6f7f-4ff3-88cb-9d299c9870c0
6b7e851e-9a41-407a-861c-233a3b658c82,genus,Animalia,t0093378,"",Plecoptera,Plecoptera,學名重複,414,https://taxatree.tbn.org.tw/taxa/6b7e851e-9a41-407a-861c-233a3b658c82
6ceeac8b-4c1c-4bd6-97fb-539008357511,genus,Animalia,t0009798,"",Amesia,Amesia,學名重複,40,https://taxatree.tbn.org.tw/taxa/6ceeac8b-4c1c-4bd6-97fb-539008357511
f28abec8-e3e7-4da9-8ee5-b869a445d597,genus,Animalia,t0026129,"",Manulea,Manulea,學名重複,1061,https://taxatree.tbn.org.tw/taxa/f28abec8-e3e7-4da9-8ee5-b869a445d597
8d573ab2-6d68-4b3e-a0c2-195ea4ca1b8a,genus,Animalia,t0016240,"",Scoparia,Scoparia,學名重複,14,https://taxatree.tbn.org.tw/taxa/8d573ab2-6d68-4b3e-a0c2-195ea4ca1b8a
8093c2f8-e4f3-4652-9d2e-6e98204da502,genus,Animalia,t0016102,"",Satyrium,Satyrium,學名重複,643,https://taxatree.tbn.org.tw/taxa/8093c2f8-e4f3-4652-9d2e-6e98204da502
30abee3e-d1c7-412f-bedb-e9bcd408c019,genus,Animalia,t0020278,"",Graphium,Graphium,學名重複,13374,https://taxatree.tbn.org.tw/taxa/30abee3e-d1c7-412f-bedb-e9bcd408c019
50ecf301-9744-4e4d-9ae0-db64e3258b9c,genus,Animalia,t0014708,"",Pieris,Pieris,學名重複,12546,https://taxatree.tbn.org.tw/taxa/50ecf301-9744-4e4d-9ae0-db64e3258b9c
af1a7d8a-f880-4809-bfc5-4d143920e731,genus,Animalia,t0014720,"",Pilophorus,Pilophorus,學名重複,1,https://taxatree.tbn.org.tw/taxa/af1a7d8a-f880-4809-bfc5-4d143920e731
d6b6e73e-2288-4fc1-ac58-ec4745a615dd,genus,Animalia,t0022776,"",Microporus,Microporus,學名重複,0,https://taxatree.tbn.org.tw/taxa/d6b6e73e-2288-4fc1-ac58-ec4745a615dd
62b8c414-1676-4ddd-ab3e-14549a4394f7,genus,Animalia,t0009151,"",Thunbergia,Thunbergia,學名重複,71,https://taxatree.tbn.org.tw/taxa/62b8c414-1676-4ddd-ab3e-14549a4394f7
817c644e-2723-4bc9-9c18-d07200e21e53,genus,Animalia,t0010247,"",Aquarius,Aquarius,學名重複,1384,https://taxatree.tbn.org.tw/taxa/817c644e-2723-4bc9-9c18-d07200e21e53
b8baa300-6488-47a9-af83-326b5b502506,genus,Animalia,t0014839,"",Platypleura,Platypleura,學名重複,42,https://taxatree.tbn.org.tw/taxa/b8baa300-6488-47a9-af83-326b5b502506
8ae4b103-4604-4191-9682-37345cadafe6,genus,Animalia,t0021350,"",Kerria,Kerria,學名重複,10,https://taxatree.tbn.org.tw/taxa/8ae4b103-4604-4191-9682-37345cadafe6
c836597e-913b-4239-9a6b-9e735e09c0ea,genus,Animalia,t0015880,"",Rhopographus,Rhopographus,學名重複,2,https://taxatree.tbn.org.tw/taxa/c836597e-913b-4239-9a6b-9e735e09c0ea
c03212b9-03b5-44d5-9b1e-525c411b2e98,genus,Animalia,t0009541,"",Agathis,Agathis,學名重複,0,https://taxatree.tbn.org.tw/taxa/c03212b9-03b5-44d5-9b1e-525c411b2e98
417e645f-68ab-4d7a-91f2-4882ae07deea,genus,Animalia,t0018052,"",Venturia,Venturia,學名重複,0,https://taxatree.tbn.org.tw/taxa/417e645f-68ab-4d7a-91f2-4882ae07deea
8dd5db2c-c0bb-4417-ba5f-c58b72f86c22,genus,Animalia,t0009146,"",Taiwania,Taiwania,學名重複,2,https://taxatree.tbn.org.tw/taxa/8dd5db2c-c0bb-4417-ba5f-c58b72f86c22
97d304a2-6b24-4be4-b035-d54ad83437c8,genus,Animalia,t0015225,"",Prosopis,Prosopis,學名重複,0,https://taxatree.tbn.org.tw/taxa/97d304a2-6b24-4be4-b035-d54ad83437c8
1518164a-5075-497d-9238-68b0a7e77305,genus,Animalia,t0016854,"",Stilbum,Stilbum,學名重複,29,https://taxatree.tbn.org.tw/taxa/1518164a-5075-497d-9238-68b0a7e77305
21942001-628e-4ab8-ae0f-6993f8a71ff7,genus,Animalia,t0021827,"",Limonia,Limonia,學名重複,33,https://taxatree.tbn.org.tw/taxa/21942001-628e-4ab8-ae0f-6993f8a71ff7
41230070-2510-4f5b-a499-0a237cdbd468,genus,Animalia,t0008944,"",Ormosia,Ormosia,學名重複,6,https://taxatree.tbn.org.tw/taxa/41230070-2510-4f5b-a499-0a237cdbd468
a47ce978-5b75-4790-8101-d2f809d87e15,genus,Animalia,t0011573,"",Cerataulina,Cerataulina,學名重複,0,https://taxatree.tbn.org.tw/taxa/a47ce978-5b75-4790-8101-d2f809d87e15
f64c3c38-9a3a-4004-8136-6ab4d06cf5fd,genus,Animalia,t0008889,"",Ganonema,Ganonema,學名重複,1,https://taxatree.tbn.org.tw/taxa/f64c3c38-9a3a-4004-8136-6ab4d06cf5fd
6490f5e8-7e2e-4b18-9015-6d6245b4585f,genus,Animalia,t0009125,"",Rhaphidophora,Rhaphidophora,學名重複,20,https://taxatree.tbn.org.tw/taxa/6490f5e8-7e2e-4b18-9015-6d6245b4585f
87fe9b9d-8291-4f3c-8b27-480d2edad7c1,genus,Plantae,"","",Culcita,Culcita,學名重複,0,https://taxatree.tbn.org.tw/taxa/87fe9b9d-8291-4f3c-8b27-480d2edad7c1
335624d8-686d-4049-9921-cc0eb5a0a31e,genus,Plantae,t0009101,"",Woodsia,Woodsia,學名重複,295,https://taxatree.tbn.org.tw/taxa/335624d8-686d-4049-9921-cc0eb5a0a31e
c3ffee13-cb8a-461a-b979-b064f24bc2cc,genus,Plantae,t0102169,"",Aglaomorpha,Aglaomorpha,學名重複,3713,https://taxatree.tbn.org.tw/taxa/c3ffee13-cb8a-461a-b979-b064f24bc2cc
2c888e65-cb7c-4a53-974d-6528ee60b2a1,genus,Plantae,t0023119,"",Agathis,Agathis,學名重複,31,https://taxatree.tbn.org.tw/taxa/2c888e65-cb7c-4a53-974d-6528ee60b2a1
70611ed0-5e34-4bbd-82de-4f3869edab6f,genus,Plantae,t0002526,"",Taiwania,Taiwania,學名重複,769,https://taxatree.tbn.org.tw/taxa/70611ed0-5e34-4bbd-82de-4f3869edab6f
a746b22e-9779-4d90-9346-faad3764568c,genus,Plantae,t0024689,"",Rhaphidophora,Rhaphidophora,學名重複,430,https://taxatree.tbn.org.tw/taxa/a746b22e-9779-4d90-9346-faad3764568c
76b89eaf-2f11-428a-8dec-9cdb5c9a6886,genus,Plantae,"","",Anticlea,Anticlea,學名重複,2,https://taxatree.tbn.org.tw/taxa/76b89eaf-2f11-428a-8dec-9cdb5c9a6886
7379740e-9d33-4b05-8c2f-a0c0e8120680,genus,Plantae,"","",Aquarius,Aquarius,學名重複,22,https://taxatree.tbn.org.tw/taxa/7379740e-9d33-4b05-8c2f-a0c0e8120680
eb265ae8-767f-41e4-b0ad-ef6d58ed4015,genus,Plantae,"","",Empusa,Empusa,學名重複,0,https://taxatree.tbn.org.tw/taxa/eb265ae8-767f-41e4-b0ad-ef6d58ed4015
9a20117b-2613-454d-b5b0-b716a8e8db47,genus,Plantae,t0024516,"",Pholidota,Pholidota,學名重複,276,https://taxatree.tbn.org.tw/taxa/9a20117b-2613-454d-b5b0-b716a8e8db47
03d7fef7-e924-4954-8841-8a6398655d8f,genus,Plantae,"","",Triphora,Triphora,學名重複,0,https://taxatree.tbn.org.tw/taxa/03d7fef7-e924-4954-8841-8a6398655d8f
0a154352-bbe7-4a7f-8725-57c5109efd23,genus,Plantae,t0094571,"",Laelia,Laelia,學名重複,0,https://taxatree.tbn.org.tw/taxa/0a154352-bbe7-4a7f-8725-57c5109efd23
355fabc9-918d-4823-b97d-30d338a85fa3,genus,Plantae,"","",Galera,Galera,學名重複,0,https://taxatree.tbn.org.tw/taxa/355fabc9-918d-4823-b97d-30d338a85fa3
0c218450-c46e-4ae1-8aab-5f35c33458a8,genus,Plantae,"","",Ione,Ione,學名重複,0,https://taxatree.tbn.org.tw/taxa/0c218450-c46e-4ae1-8aab-5f35c33458a8
8b0940fe-40aa-4acc-b97f-30b14769046a,genus,Plantae,"","",Sarcophyton,Sarcophyton,學名重複,5,https://taxatree.tbn.org.tw/taxa/8b0940fe-40aa-4acc-b97f-30b14769046a
070cfbe2-789a-4c1b-b8ae-c1008ee97513,genus,Plantae,"","",Satyrium,Satyrium,學名重複,6,https://taxatree.tbn.org.tw/taxa/070cfbe2-789a-4c1b-b8ae-c1008ee97513
3c0f8b9e-0d65-4406-94c2-e18050feb80d,genus,Plantae,t0024582,"",Pollia,Pollia,學名重複,3387,https://taxatree.tbn.org.tw/taxa/3c0f8b9e-0d65-4406-94c2-e18050feb80d
3e4b5546-40e4-4ded-9ec3-4ddaa63de3a4,genus,Plantae,t0023721,"",Donax,Donax,學名重複,100,https://taxatree.tbn.org.tw/taxa/3e4b5546-40e4-4ded-9ec3-4ddaa63de3a4
b8bc5999-3553-4ebd-8982-3ce2a6cabc23,genus,Plantae,t0024975,"",Thalia,Thalia,學名重複,25,https://taxatree.tbn.org.tw/taxa/b8bc5999-3553-4ebd-8982-3ce2a6cabc23
df1899e4-593f-4a17-95b2-81f78c86bdc9,genus,Plantae,"","",Leiothrix,Leiothrix,學名重複,0,https://taxatree.tbn.org.tw/taxa/df1899e4-593f-4a17-95b2-81f78c86bdc9
3881c4a9-c2c3-4653-a502-fa11617274fd,genus,Plantae,t0023467,"",Chloris,Chloris,學名重複,9282,https://taxatree.tbn.org.tw/taxa/3881c4a9-c2c3-4653-a502-fa11617274fd
a4dfb8c0-cfe2-4745-a832-8bc49a996208,genus,Plantae,t0023774,"",Enteropogon,Enteropogon,學名重複,152,https://taxatree.tbn.org.tw/taxa/a4dfb8c0-cfe2-4745-a832-8bc49a996208
3b56dfb1-e205-48e6-9dd1-0167a210cbaf,genus,Plantae,"","",Chelidonium,Chelidonium,學名重複,40,https://taxatree.tbn.org.tw/taxa/3b56dfb1-e205-48e6-9dd1-0167a210cbaf
16c6789b-0f54-46dc-8468-e09831c13c1b,genus,Plantae,"","",Actaea,Actaea,學名重複,9,https://taxatree.tbn.org.tw/taxa/16c6789b-0f54-46dc-8468-e09831c13c1b
4b1867b5-5781-4d16-9324-91e22a938bf8,genus,Plantae,t0024734,"",Sabia,Sabia,學名重複,1231,https://taxatree.tbn.org.tw/taxa/4b1867b5-5781-4d16-9324-91e22a938bf8
6c8c82ba-1d5e-49c1-8c9c-b2e9f72c066e,genus,Plantae,t0002586,"",Tiarella,Tiarella,學名重複,38,https://taxatree.tbn.org.tw/taxa/6c8c82ba-1d5e-49c1-8c9c-b2e9f72c066e
da1a7875-2752-4c1b-82be-82d10125df0e,genus,Plantae,t0024416,"",Ormosia,Ormosia,學名重複,630,https://taxatree.tbn.org.tw/taxa/da1a7875-2752-4c1b-82be-82d10125df0e
4aefb6f0-522f-4b83-97ed-9af1b257ae1e,genus,Plantae,t0095456,"",Prosopis,Prosopis,學名重複,7,https://taxatree.tbn.org.tw/taxa/4aefb6f0-522f-4b83-97ed-9af1b257ae1e
7cc45f32-8695-434b-aeed-2454fbe98e81,genus,Plantae,"","",Kerria,Kerria,學名重複,7,https://taxatree.tbn.org.tw/taxa/7cc45f32-8695-434b-aeed-2454fbe98e81
6ec81bb9-0a0f-4fd7-97a4-02f4e0cf86d9,genus,Plantae,t0006937,"",Ficus,Ficus,學名重複,66577,https://taxatree.tbn.org.tw/taxa/6ec81bb9-0a0f-4fd7-97a4-02f4e0cf86d9
aeadab76-407e-478b-906d-a012472b1f0f,genus,Plantae,"","",Anisophyllum,Anisophyllum,學名重複,2,https://taxatree.tbn.org.tw/taxa/aeadab76-407e-478b-906d-a012472b1f0f
30e83e13-7764-4bae-97db-60a9341dc098,genus,Plantae,t0002629,"",Breynia,Breynia,學名重複,2686,https://taxatree.tbn.org.tw/taxa/30e83e13-7764-4bae-97db-60a9341dc098
52604a3c-f0d3-44df-af2f-132abc500082,genus,Plantae,"","",Decodon,Decodon,學名重複,0,https://taxatree.tbn.org.tw/taxa/52604a3c-f0d3-44df-af2f-132abc500082
40d8add7-14b4-4fb8-ae48-1eca7e6068b3,genus,Plantae,t0002636,"",Perrottetia,Perrottetia,學名重複,1044,https://taxatree.tbn.org.tw/taxa/40d8add7-14b4-4fb8-ae48-1eca7e6068b3
2892f3ca-35f9-4b07-b812-87241d263efb,genus,Plantae,"","",Anisophyllum,Anisophyllum,學名重複,2,https://taxatree.tbn.org.tw/taxa/2892f3ca-35f9-4b07-b812-87241d263efb
840457c7-8535-4686-b5ff-f1107f10524b,genus,Plantae,"","",Limonia,Limonia,學名重複,1,https://taxatree.tbn.org.tw/taxa/840457c7-8535-4686-b5ff-f1107f10524b
0f266630-4a09-4851-8899-27caf2ad6090,genus,Plantae,t0023216,"",Arenaria,Arenaria,學名重複,368,https://taxatree.tbn.org.tw/taxa/0f266630-4a09-4851-8899-27caf2ad6090
e21edb09-d2b3-4b3e-9230-f8b14f0d37fa,genus,Plantae,t0024890,"",Stellaria,Stellaria,學名重複,3960,https://taxatree.tbn.org.tw/taxa/e21edb09-d2b3-4b3e-9230-f8b14f0d37fa
501dca1d-fd1e-4204-beca-8aea79a7f0aa,genus,Plantae,"","",Okenia,Okenia,學名重複,0,https://taxatree.tbn.org.tw/taxa/501dca1d-fd1e-4204-beca-8aea79a7f0aa
7305997e-18fe-45fa-8074-edd4d46c1835,genus,Plantae,"","",Gustavia,Gustavia,學名重複,1,https://taxatree.tbn.org.tw/taxa/7305997e-18fe-45fa-8074-edd4d46c1835
43be76ca-33d4-43ad-93b9-8daf5c35bcc6,genus,Plantae,t0024531,"",Pieris,Pieris,學名重複,2851,https://taxatree.tbn.org.tw/taxa/43be76ca-33d4-43ad-93b9-8daf5c35bcc6
a74dc8b0-6892-4332-89cd-45487a3bfebc,genus,Plantae,"","",Rondeletia,Rondeletia,學名重複,1,https://taxatree.tbn.org.tw/taxa/a74dc8b0-6892-4332-89cd-45487a3bfebc
00688827-ea01-4dfd-a593-808f2dc2e134,genus,Plantae,t0002788,"",Trichodesma,Trichodesma,學名重複,1469,https://taxatree.tbn.org.tw/taxa/00688827-ea01-4dfd-a593-808f2dc2e134
bed37569-49d0-4d8f-946c-e402a50f4494,genus,Plantae,t0024173,"",Linaria,Linaria,學名重複,54,https://taxatree.tbn.org.tw/taxa/bed37569-49d0-4d8f-946c-e402a50f4494
a91b8c65-4b2b-4718-9249-ee65850b325b,genus,Plantae,t0002809,"",Scoparia,Scoparia,學名重複,1785,https://taxatree.tbn.org.tw/taxa/a91b8c65-4b2b-4718-9249-ee65850b325b
6e2e7c5a-0986-48db-94f9-2f5c7eb91b75,genus,Plantae,"","",Manulea,Manulea,學名重複,2,https://taxatree.tbn.org.tw/taxa/6e2e7c5a-0986-48db-94f9-2f5c7eb91b75
d82cfda6-d2dd-449a-9c91-b4cbf5158119,genus,Plantae,t0002822,"",Thunbergia,Thunbergia,學名重複,1242,https://taxatree.tbn.org.tw/taxa/d82cfda6-d2dd-449a-9c91-b4cbf5158119
24597be4-91d3-45a2-8682-c3d666c7c049,genus,Plantae,t0024620,"",Prunella,Prunella,學名重複,1156,https://taxatree.tbn.org.tw/taxa/24597be4-91d3-45a2-8682-c3d666c7c049
ad724aea-a658-4c9c-b0ec-13944569e615,genus,Plantae,"","",Acrocephalus,Acrocephalus,學名重複,1,https://taxatree.tbn.org.tw/taxa/ad724aea-a658-4c9c-b0ec-13944569e615
1f391583-50ca-4996-8944-8791ab04c3dc,genus,Plantae,t0023086,"",Acmella,Acmella,學名重複,686,https://taxatree.tbn.org.tw/taxa/1f391583-50ca-4996-8944-8791ab04c3dc
3befaa5f-1e3f-43c4-90f8-20d2cb1abb73,genus,Plantae,t0023913,"",Glossocardia,Glossocardia,學名重複,206,https://taxatree.tbn.org.tw/taxa/3befaa5f-1e3f-43c4-90f8-20d2cb1abb73
24f4d33d-6d95-4445-8b31-5fada01a4203,phylum,Chromista,t0000078,"",Cryptista,Cryptista,學名重複,339,https://taxatree.tbn.org.tw/taxa/24f4d33d-6d95-4445-8b31-5fada01a4203
b8964a85-fb1b-405a-a0de-5fd5cee8f2a2,genus,Plantae,t0024401,"",Oenanthe,Oenanthe,學名重複,2794,https://taxatree.tbn.org.tw/taxa/b8964a85-fb1b-405a-a0de-5fd5cee8f2a2
1e8ffa15-f39c-49d0-a5a4-215baaf9b4a3,genus,Chromista,t0025412,"",Cerataulina,Cerataulina,學名重複,11,https://taxatree.tbn.org.tw/taxa/1e8ffa15-f39c-49d0-a5a4-215baaf9b4a3
737e1c7f-0d3e-4bb8-a99f-05f065269aa7,genus,Chromista,t0025254,"",Turbinaria,Turbinaria,學名重複,57,https://taxatree.tbn.org.tw/taxa/737e1c7f-0d3e-4bb8-a99f-05f065269aa7
834fef74-2b12-4fb7-b987-9526da6c933a,genus,Podiata,t0007722,"",Hexagonia,Hexagonia,學名重複,59,https://taxatree.tbn.org.tw/taxa/834fef74-2b12-4fb7-b987-9526da6c933a
0f2e0efe-7642-47e3-a3d6-472424fd6caa,genus,Podiata,t0007968,"",Microporus,Microporus,學名重複,57,https://taxatree.tbn.org.tw/taxa/0f2e0efe-7642-47e3-a3d6-472424fd6caa
22e4a532-0df1-4099-89b8-c19aed9d59db,genus,Podiata,t0007826,"",Lactarius,Lactarius,學名重複,86,https://taxatree.tbn.org.tw/taxa/22e4a532-0df1-4099-89b8-c19aed9d59db
2e7dc2ac-65d4-4376-b5df-17168aa8b507,genus,Podiata,t0007594,"",Galera,Galera,學名重複,0,https://taxatree.tbn.org.tw/taxa/2e7dc2ac-65d4-4376-b5df-17168aa8b507
ba3cca6a-9c5a-4c28-a09f-d758423018ff,genus,Podiata,t0007331,"",Colus,Colus,學名重複,0,https://taxatree.tbn.org.tw/taxa/ba3cca6a-9c5a-4c28-a09f-d758423018ff
d3db83f2-cc06-457c-a0ca-71c8516d5509,genus,Podiata,t0008132,"",Oxyporus,Oxyporus,學名重複,0,https://taxatree.tbn.org.tw/taxa/d3db83f2-cc06-457c-a0ca-71c8516d5509
78dd11b2-0d00-4042-a026-01d4d95a2337,genus,Fungi,t0095862,"",Empusa,Empusa,學名重複,0,https://taxatree.tbn.org.tw/taxa/78dd11b2-0d00-4042-a026-01d4d95a2337
4138130d-5cfc-4868-b2ae-aca3ef4c663d,genus,Podiata,t0008724,"",Venturia,Venturia,學名重複,40,https://taxatree.tbn.org.tw/taxa/4138130d-5cfc-4868-b2ae-aca3ef4c663d
77492479-c45b-46d6-a0d3-796e32b00be7,genus,Fungi,"","",Enteropogon,Enteropogon,學名重複,0,https://taxatree.tbn.org.tw/taxa/77492479-c45b-46d6-a0d3-796e32b00be7
963beb97-6539-43f0-9d59-79e39037cb65,genus,Podiata,t0007792,"",Japonia,Japonia,學名重複,1,https://taxatree.tbn.org.tw/taxa/963beb97-6539-43f0-9d59-79e39037cb65
8dae5fc5-c8fe-45c1-94eb-0e4a48c6445c,genus,Podiata,t0007578,"",Fulvia,Fulvia,學名重複,0,https://taxatree.tbn.org.tw/taxa/8dae5fc5-c8fe-45c1-94eb-0e4a48c6445c
c5240f80-353d-4af8-a643-d9bfe728bd6d,genus,Podiata,t0008560,"",Stenella,Stenella,學名重複,4,https://taxatree.tbn.org.tw/taxa/c5240f80-353d-4af8-a643-d9bfe728bd6d
7fae1e56-6e35-4a7a-bc30-48a95edd0787,genus,Podiata,t0008572,"",Stilbum,Stilbum,學名重複,0,https://taxatree.tbn.org.tw/taxa/7fae1e56-6e35-4a7a-bc30-48a95edd0787
d9de6030-a943-4a74-8f06-4c795c06f6d6,genus,Podiata,t0006941,"",Amesia,Amesia,學名重複,0,https://taxatree.tbn.org.tw/taxa/d9de6030-a943-4a74-8f06-4c795c06f6d6
d7b2d674-5e65-4374-986f-1ece26aa0d53,genus,Podiata,t0008033,"",Nais,Nais,學名重複,0,https://taxatree.tbn.org.tw/taxa/d7b2d674-5e65-4374-986f-1ece26aa0d53
7bdc16af-01a4-41ad-ba41-61f1839be722,genus,Podiata,t0007648,"",Graphium,Graphium,學名重複,10,https://taxatree.tbn.org.tw/taxa/7bdc16af-01a4-41ad-ba41-61f1839be722
38f4ec81-e7b9-4109-800f-09cf6b3d2aa2,genus,Podiata,t0007634,"",Glyphis,Glyphis,學名重複,2,https://taxatree.tbn.org.tw/taxa/38f4ec81-e7b9-4109-800f-09cf6b3d2aa2
035202e4-ed3f-44e5-84dc-f86ed9044141,genus,Podiata,t0008422,"",Rhytisma,Rhytisma,學名重複,7,https://taxatree.tbn.org.tw/taxa/035202e4-ed3f-44e5-84dc-f86ed9044141
0bbaae2b-cc39-4edb-b744-f3cf3b656c4a,genus,Podiata,t0008250,"",Pilophorus,Pilophorus,學名重複,0,https://taxatree.tbn.org.tw/taxa/0bbaae2b-cc39-4edb-b744-f3cf3b656c4a
0b81cef7-656e-4dc7-ae12-3ad3816c9e41,genus,Podiata,t0006945,"",Asterina,Asterina,學名重複,14,https://taxatree.tbn.org.tw/taxa/0b81cef7-656e-4dc7-ae12-3ad3816c9e41
e6134be1-3ee9-4cd7-aa74-8b5fe85dfa6b,genus,Protozoa,"","",Platypleura,Platypleura,學名重複,0,https://taxatree.tbn.org.tw/taxa/e6134be1-3ee9-4cd7-aa74-8b5fe85dfa6b
e179e814-bd57-4e4a-a360-39da41d5693a,genus,Protozoa,t0091713,"",Trichia,Trichia,學名重複,4,https://taxatree.tbn.org.tw/taxa/e179e814-bd57-4e4a-a360-39da41d5693a
1ce5236b-1a4e-4fce-b589-ad8da1774a1a,species,Animalia,t0095946,"",Botaurus flavicollis,Botaurus flavicollis,學名重複,196,https://taxatree.tbn.org.tw/taxa/1ce5236b-1a4e-4fce-b589-ad8da1774a1a
6a0bd750-3793-403c-abba-57fb49246e85,infraspecies,Animalia,t0085787,"",Botaurus flavicollis,Botaurus flavicollis,學名重複,12,https://taxatree.tbn.org.tw/taxa/6a0bd750-3793-403c-abba-57fb49246e85
88ebef8d-27a5-4e2f-8338-1c49fe98c6bc,species,Animalia,t0062122,"",Drupa ricinus,Drupa ricinus,學名重複,134,https://taxatree.tbn.org.tw/taxa/88ebef8d-27a5-4e2f-8338-1c49fe98c6bc
485d2995-9adb-42cf-b3cd-d95918509017,species,Animalia,t0096799,"",Drupa ricinus,Drupa ricinus,學名重複,0,https://taxatree.tbn.org.tw/taxa/485d2995-9adb-42cf-b3cd-d95918509017
228b1460-935d-4fb4-91aa-0e60b1a0202c,species,Animalia,t0029211,"",Ficus variegata,Ficus variegata,學名重複,35,https://taxatree.tbn.org.tw/taxa/228b1460-935d-4fb4-91aa-0e60b1a0202c
fa7ff7ba-a7de-4cb7-8394-4b3bb855e66b,species,Animalia,t0078992,"",Temnaspis sauteri,Temnaspis sauteri,學名重複,2,https://taxatree.tbn.org.tw/taxa/fa7ff7ba-a7de-4cb7-8394-4b3bb855e66b
7496a820-f3f4-4700-ac80-2c12a490c1ba,species,Animalia,t0078993,"",Temnaspis sauteri,Temnaspis sauteri,學名重複,3,https://taxatree.tbn.org.tw/taxa/7496a820-f3f4-4700-ac80-2c12a490c1ba
ef869254-4823-4e74-970d-784e3a9f3ac5,species,Animalia,t0099186,"",Tituria planata,Tituria planata,學名重複,14,https://taxatree.tbn.org.tw/taxa/ef869254-4823-4e74-970d-784e3a9f3ac5
ad610ed4-e22f-464f-88c8-82530cb18d1d,species,Animalia,t0062850,"",Tituria planata,Tituria planata,學名重複,14,https://taxatree.tbn.org.tw/taxa/ad610ed4-e22f-464f-88c8-82530cb18d1d
07e5d6ee-cf0d-4048-933e-16a986180662,species,Animalia,t0062461,"",Elephantomyia (Elephantomyia),Elephantomyia (Elephantomyia),學名重複,1,https://taxatree.tbn.org.tw/taxa/07e5d6ee-cf0d-4048-933e-16a986180662
8ce908ab-06eb-4702-b2d8-bfc6c1685c71,species,Animalia,t0062462,"",Elephantomyia (Elephantomyia),Elephantomyia (Elephantomyia),學名重複,1,https://taxatree.tbn.org.tw/taxa/8ce908ab-06eb-4702-b2d8-bfc6c1685c71
8e741640-6019-4545-b3ea-ba17029e8209,species,Animalia,t0082442,"",Ormosia formosana,Ormosia formosana,學名重複,1,https://taxatree.tbn.org.tw/taxa/8e741640-6019-4545-b3ea-ba17029e8209
e4ea5b20-a54d-4306-a708-d96fc432a99b,species,Plantae,"","",Selaginella circinalis,Selaginella circinalis (L.) C.Presl,學名重複,0,https://taxatree.tbn.org.tw/taxa/e4ea5b20-a54d-4306-a708-d96fc432a99b
ce8c5fa8-0847-4b8d-a927-69a1bb65c276,species,Plantae,"","",Selaginella circinalis,Selaginella circinalis (L.) Spring,學名重複,0,https://taxatree.tbn.org.tw/taxa/ce8c5fa8-0847-4b8d-a927-69a1bb65c276
6b155a86-7faf-4f5f-a36c-2482215d0c03,species,Plantae,t0026768,"",Tectaria multicaudata,Tectaria multicaudata Ching,學名重複,89,https://taxatree.tbn.org.tw/taxa/6b155a86-7faf-4f5f-a36c-2482215d0c03
a4f86047-62d7-4ab2-af20-79d1cfb4dba0,species,Plantae,"","",Tectaria multicaudata,Tectaria multicaudata (C.B.Clarke) Ching,學名重複,67,https://taxatree.tbn.org.tw/taxa/a4f86047-62d7-4ab2-af20-79d1cfb4dba0
ac5f2217-2f4d-4675-b582-80744db25b57,species,Plantae,"","",Carex japonica,Carex japonica Thunb.,學名重複,9,https://taxatree.tbn.org.tw/taxa/ac5f2217-2f4d-4675-b582-80744db25b57
fdd794b6-dd1f-43c1-9487-fe0b4cc2095b,species,Plantae,"","",Carex japonica,Carex japonica Thunb.,學名重複,0,https://taxatree.tbn.org.tw/taxa/fdd794b6-dd1f-43c1-9487-fe0b4cc2095b
49e1543a-b205-4172-9b2a-037c2bbecb8f,species,Plantae,"","",Ormosia formosana,Ormosia formosana Kaneh.,學名重複,434,https://taxatree.tbn.org.tw/taxa/49e1543a-b205-4172-9b2a-037c2bbecb8f
71699cd4-689f-4dc7-8920-e946b9938634,species,Plantae,t0099500,"",Ficus variegata,Ficus variegata Blume,學名重複,714,https://taxatree.tbn.org.tw/taxa/71699cd4-689f-4dc7-8920-e946b9938634
0da0a81d-19df-43e7-8255-26576d93b2e6,species,Plantae,"","",Begonia ×albopicta,Begonia ×albopicta W.Bull,學名重複,2,https://taxatree.tbn.org.tw/taxa/0da0a81d-19df-43e7-8255-26576d93b2e6
81a49d92-4b03-4ed6-a57f-621a66f3a519,species,Plantae,"","",Begonia ×albopicta,Begonia ×albopicta Regel ex Regel,學名重複,0,https://taxatree.tbn.org.tw/taxa/81a49d92-4b03-4ed6-a57f-621a66f3a519
5623551a-59fa-4b45-a01e-fa53657b7716,infraspecies,Plantae,"","",Zeuxine strateumatica rupicola,Zeuxine strateumatica var. rupicola,學名重複,0,https://taxatree.tbn.org.tw/taxa/5623551a-59fa-4b45-a01e-fa53657b7716
9711a88c-f488-4997-9572-cc49e81de6e6,infraspecies,Plantae,"","",Zeuxine strateumatica rupicola,Zeuxine strateumatica f. rupicola,學名重複,0,https://taxatree.tbn.org.tw/taxa/9711a88c-f488-4997-9572-cc49e81de6e6
2e7d8185-2c71-4c7e-8b54-4e783dda440e,genus,Plantae,t0024108,"",Kurzia,Kurzia,學名重複,26,https://taxatree.tbn.org.tw/taxa/2e7d8185-2c71-4c7e-8b54-4e783dda440e
83aad3ea-02c0-4055-b8a8-601606d6173b,species,Plantae,"","",Cololejeunea haskarliana,Cololejeunea haskarliana (Lehm.) Schiffn.,學名重複,6,https://taxatree.tbn.org.tw/taxa/83aad3ea-02c0-4055-b8a8-601606d6173b
6f795206-cd88-4cd3-bb85-fc9b780cdf37,species,Plantae,t0073393,"",Cololejeunea haskarliana,Cololejeunea haskarliana (Lehm.) Steph.,學名重複,6,https://taxatree.tbn.org.tw/taxa/6f795206-cd88-4cd3-bb85-fc9b780cdf37
cf0a1ffc-0c9f-461a-8eda-394ee2d69290,genus,Plantae,t0024339,"",Myurella,Myurella,學名重複,3,https://taxatree.tbn.org.tw/taxa/cf0a1ffc-0c9f-461a-8eda-394ee2d69290
2df7cbfe-3b6c-44fb-8b61-5d8b96fdfdfd,genus,Plantae,"","",Tydemania,Tydemania,學名重複,1,https://taxatree.tbn.org.tw/taxa/2df7cbfe-3b6c-44fb-8b61-5d8b96fdfdfd
b7bfe221-18d8-42c6-a779-31bb710ab0f7,genus,Plantae,"","",Chondria,Chondria,學名重複,27,https://taxatree.tbn.org.tw/taxa/b7bfe221-18d8-42c6-a779-31bb710ab0f7
1b490559-113c-45d9-ac33-5492d0bdf9d1,genus,Plantae,"","",Ganonema,Ganonema,學名重複,25,https://taxatree.tbn.org.tw/taxa/1b490559-113c-45d9-ac33-5492d0bdf9d1
9f92662d-1859-49e7-a0be-9272a8ab6e80,superphylum,Podiata,"","",Fungi,Fungi,學名重複,28831,https://taxatree.tbn.org.tw/taxa/9f92662d-1859-49e7-a0be-9272a8ab6e80
34ded212-a618-4d6c-bf75-b61bf92a390c,genus,Podiata,t0008417,"",Rhopographus,Rhopographus,學名重複,3,https://taxatree.tbn.org.tw/taxa/34ded212-a618-4d6c-bf75-b61bf92a390c
8ab253d4-d6bc-4b4b-9ee0-21fce9f55984,genus,Podiata,t0008456,"",Scaphidium,Scaphidium,學名重複,0,https://taxatree.tbn.org.tw/taxa/8ab253d4-d6bc-4b4b-9ee0-21fce9f55984
6ccea0ae-865d-412f-b222-5f33fe4fc96e,genus,Podiata,t0008603,"",Tapinella,Tapinella,學名重複,0,https://taxatree.tbn.org.tw/taxa/6ccea0ae-865d-412f-b222-5f33fe4fc96e
4172b6a1-fcf4-4c9c-80fb-204afd9b225b,species,Animalia,t0096619,"",Nodularia douglasiae,Nodularia douglasiae,學名重複,59,https://taxatree.tbn.org.tw/taxa/4172b6a1-fcf4-4c9c-80fb-204afd9b225b
9f357184-4816-4254-bdef-e267f4436c17,infraspecies,Animalia,t0105419,"",Priotyrannus closteroides,Priotyrannus closteroides,學名重複,42,https://taxatree.tbn.org.tw/taxa/9f357184-4816-4254-bdef-e267f4436c17
2642bc16-9eb0-4fb6-a7dd-42e871f6407f,species,Animalia,t0098587,"",Priotyrannus closteroides,Priotyrannus closteroides,學名重複,51,https://taxatree.tbn.org.tw/taxa/2642bc16-9eb0-4fb6-a7dd-42e871f6407f
4b4cd66f-90ff-48c1-b0ef-12b1c856a02d,species,Animalia,t0086410,"",Nodularia douglasiae,Nodularia douglasiae,學名重複,22,https://taxatree.tbn.org.tw/taxa/4b4cd66f-90ff-48c1-b0ef-12b1c856a02d
79f0dfa9-4c0d-4556-ace4-f7c7e38a8fb3,order,Animalia,t0002075,"",Plecoptera,Plecoptera,相同Kingdom學名重複,746,https://taxatree.tbn.org.tw/taxa/79f0dfa9-4c0d-4556-ace4-f7c7e38a8fb3
6b7e851e-9a41-407a-861c-233a3b658c82,genus,Animalia,t0093378,"",Plecoptera,Plecoptera,相同Kingdom學名重複,414,https://taxatree.tbn.org.tw/taxa/6b7e851e-9a41-407a-861c-233a3b658c82
aeadab76-407e-478b-906d-a012472b1f0f,genus,Plantae,"","",Anisophyllum,Anisophyllum,相同Kingdom學名重複,2,https://taxatree.tbn.org.tw/taxa/aeadab76-407e-478b-906d-a012472b1f0f
2892f3ca-35f9-4b07-b812-87241d263efb,genus,Plantae,"","",Anisophyllum,Anisophyllum,相同Kingdom學名重複,2,https://taxatree.tbn.org.tw/taxa/2892f3ca-35f9-4b07-b812-87241d263efb
1ce5236b-1a4e-4fce-b589-ad8da1774a1a,species,Animalia,t0095946,"",Botaurus flavicollis,Botaurus flavicollis,相同Kingdom學名重複,196,https://taxatree.tbn.org.tw/taxa/1ce5236b-1a4e-4fce-b589-ad8da1774a1a
6a0bd750-3793-403c-abba-57fb49246e85,infraspecies,Animalia,t0085787,"",Botaurus flavicollis,Botaurus flavicollis,相同Kingdom學名重複,12,https://taxatree.tbn.org.tw/taxa/6a0bd750-3793-403c-abba-57fb49246e85
88ebef8d-27a5-4e2f-8338-1c49fe98c6bc,species,Animalia,t0062122,"",Drupa ricinus,Drupa ricinus,相同Kingdom學名重複,134,https://taxatree.tbn.org.tw/taxa/88ebef8d-27a5-4e2f-8338-1c49fe98c6bc
485d2995-9adb-42cf-b3cd-d95918509017,species,Animalia,t0096799,"",Drupa ricinus,Drupa ricinus,相同Kingdom學名重複,0,https://taxatree.tbn.org.tw/taxa/485d2995-9adb-42cf-b3cd-d95918509017
fa7ff7ba-a7de-4cb7-8394-4b3bb855e66b,species,Animalia,t0078992,"",Temnaspis sauteri,Temnaspis sauteri,相同Kingdom學名重複,2,https://taxatree.tbn.org.tw/taxa/fa7ff7ba-a7de-4cb7-8394-4b3bb855e66b
7496a820-f3f4-4700-ac80-2c12a490c1ba,species,Animalia,t0078993,"",Temnaspis sauteri,Temnaspis sauteri,相同Kingdom學名重複,3,https://taxatree.tbn.org.tw/taxa/7496a820-f3f4-4700-ac80-2c12a490c1ba
ef869254-4823-4e74-970d-784e3a9f3ac5,species,Animalia,t0099186,"",Tituria planata,Tituria planata,相同Kingdom學名重複,14,https://taxatree.tbn.org.tw/taxa/ef869254-4823-4e74-970d-784e3a9f3ac5
ad610ed4-e22f-464f-88c8-82530cb18d1d,species,Animalia,t0062850,"",Tituria planata,Tituria planata,相同Kingdom學名重複,14,https://taxatree.tbn.org.tw/taxa/ad610ed4-e22f-464f-88c8-82530cb18d1d
07e5d6ee-cf0d-4048-933e-16a986180662,species,Animalia,t0062461,"",Elephantomyia (Elephantomyia),Elephantomyia (Elephantomyia),相同Kingdom學名重複,1,https://taxatree.tbn.org.tw/taxa/07e5d6ee-cf0d-4048-933e-16a986180662
8ce908ab-06eb-4702-b2d8-bfc6c1685c71,species,Animalia,t0062462,"",Elephantomyia (Elephantomyia),Elephantomyia (Elephantomyia),相同Kingdom學名重複,1,https://taxatree.tbn.org.tw/taxa/8ce908ab-06eb-4702-b2d8-bfc6c1685c71
e4ea5b20-a54d-4306-a708-d96fc432a99b,species,Plantae,"","",Selaginella circinalis,Selaginella circinalis (L.) C.Presl,相同Kingdom學名重複,0,https://taxatree.tbn.org.tw/taxa/e4ea5b20-a54d-4306-a708-d96fc432a99b
ce8c5fa8-0847-4b8d-a927-69a1bb65c276,species,Plantae,"","",Selaginella circinalis,Selaginella circinalis (L.) Spring,相同Kingdom學名重複,0,https://taxatree.tbn.org.tw/taxa/ce8c5fa8-0847-4b8d-a927-69a1bb65c276
6b155a86-7faf-4f5f-a36c-2482215d0c03,species,Plantae,t0026768,"",Tectaria multicaudata,Tectaria multicaudata Ching,相同Kingdom學名重複,89,https://taxatree.tbn.org.tw/taxa/6b155a86-7faf-4f5f-a36c-2482215d0c03
a4f86047-62d7-4ab2-af20-79d1cfb4dba0,species,Plantae,"","",Tectaria multicaudata,Tectaria multicaudata (C.B.Clarke) Ching,相同Kingdom學名重複,67,https://taxatree.tbn.org.tw/taxa/a4f86047-62d7-4ab2-af20-79d1cfb4dba0
ac5f2217-2f4d-4675-b582-80744db25b57,species,Plantae,"","",Carex japonica,Carex japonica Thunb.,相同Kingdom學名重複,9,https://taxatree.tbn.org.tw/taxa/ac5f2217-2f4d-4675-b582-80744db25b57
fdd794b6-dd1f-43c1-9487-fe0b4cc2095b,species,Plantae,"","",Carex japonica,Carex japonica Thunb.,相同Kingdom學名重複,0,https://taxatree.tbn.org.tw/taxa/fdd794b6-dd1f-43c1-9487-fe0b4cc2095b
0da0a81d-19df-43e7-8255-26576d93b2e6,species,Plantae,"","",Begonia ×albopicta,Begonia ×albopicta W.Bull,相同Kingdom學名重複,2,https://taxatree.tbn.org.tw/taxa/0da0a81d-19df-43e7-8255-26576d93b2e6
81a49d92-4b03-4ed6-a57f-621a66f3a519,species,Plantae,"","",Begonia ×albopicta,Begonia ×albopicta Regel ex Regel,相同Kingdom學名重複,0,https://taxatree.tbn.org.tw/taxa/81a49d92-4b03-4ed6-a57f-621a66f3a519
5623551a-59fa-4b45-a01e-fa53657b7716,infraspecies,Plantae,"","",Zeuxine strateumatica rupicola,Zeuxine strateumatica var. rupicola,相同Kingdom學名重複,0,https://taxatree.tbn.org.tw/taxa/5623551a-59fa-4b45-a01e-fa53657b7716
9711a88c-f488-4997-9572-cc49e81de6e6,infraspecies,Plantae,"","",Zeuxine strateumatica rupicola,Zeuxine strateumatica f. rupicola,相同Kingdom學名重複,0,https://taxatree.tbn.org.tw/taxa/9711a88c-f488-4997-9572-cc49e81de6e6
83aad3ea-02c0-4055-b8a8-601606d6173b,species,Plantae,"","",Cololejeunea haskarliana,Cololejeunea haskarliana (Lehm.) Schiffn.,相同Kingdom學名重複,6,https://taxatree.tbn.org.tw/taxa/83aad3ea-02c0-4055-b8a8-601606d6173b
6f795206-cd88-4cd3-bb85-fc9b780cdf37,species,Plantae,t0073393,"",Cololejeunea haskarliana,Cololejeunea haskarliana (Lehm.) Steph.,相同Kingdom學名重複,6,https://taxatree.tbn.org.tw/taxa/6f795206-cd88-4cd3-bb85-fc9b780cdf37
4172b6a1-fcf4-4c9c-80fb-204afd9b225b,species,Animalia,t0096619,"",Nodularia douglasiae,Nodularia douglasiae,相同Kingdom學名重複,59,https://taxatree.tbn.org.tw/taxa/4172b6a1-fcf4-4c9c-80fb-204afd9b225b
9f357184-4816-4254-bdef-e267f4436c17,infraspecies,Animalia,t0105419,"",Priotyrannus closteroides,Priotyrannus closteroides,相同Kingdom學名重複,42,https://taxatree.tbn.org.tw/taxa/9f357184-4816-4254-bdef-e267f4436c17
2642bc16-9eb0-4fb6-a7dd-42e871f6407f,species,Animalia,t0098587,"",Priotyrannus closteroides,Priotyrannus closteroides,相同Kingdom學名重複,51,https://taxatree.tbn.org.tw/taxa/2642bc16-9eb0-4fb6-a7dd-42e871f6407f
4b4cd66f-90ff-48c1-b0ef-12b1c856a02d,species,Animalia,t0086410,"",Nodularia douglasiae,Nodularia douglasiae,相同Kingdom學名重複,22,https://taxatree.tbn.org.tw/taxa/4b4cd66f-90ff-48c1-b0ef-12b1c856a02d
79f0dfa9-4c0d-4556-ace4-f7c7e38a8fb3,order,Animalia,t0002075,"",Plecoptera,Plecoptera,相同Kingdom學名加命名者重複,746,https://taxatree.tbn.org.tw/taxa/79f0dfa9-4c0d-4556-ace4-f7c7e38a8fb3
6b7e851e-9a41-407a-861c-233a3b658c82,genus,Animalia,t0093378,"",Plecoptera,Plecoptera,相同Kingdom學名加命名者重複,414,https://taxatree.tbn.org.tw/taxa/6b7e851e-9a41-407a-861c-233a3b658c82
1ce5236b-1a4e-4fce-b589-ad8da1774a1a,species,Animalia,t0095946,"",Botaurus flavicollis,Botaurus flavicollis,相同Kingdom學名加命名者重複,196,https://taxatree.tbn.org.tw/taxa/1ce5236b-1a4e-4fce-b589-ad8da1774a1a
6a0bd750-3793-403c-abba-57fb49246e85,infraspecies,Animalia,t0085787,"",Botaurus flavicollis,Botaurus flavicollis,相同Kingdom學名加命名者重複,12,https://taxatree.tbn.org.tw/taxa/6a0bd750-3793-403c-abba-57fb49246e85
ac5f2217-2f4d-4675-b582-80744db25b57,species,Plantae,"","",Carex japonica,Carex japonica Thunb.,相同Kingdom學名加命名者重複,9,https://taxatree.tbn.org.tw/taxa/ac5f2217-2f4d-4675-b582-80744db25b57
fdd794b6-dd1f-43c1-9487-fe0b4cc2095b,species,Plantae,"","",Carex japonica,Carex japonica Thunb.,相同Kingdom學名加命名者重複,0,https://taxatree.tbn.org.tw/taxa/fdd794b6-dd1f-43c1-9487-fe0b4cc2095b
5623551a-59fa-4b45-a01e-fa53657b7716,infraspecies,Plantae,"","",Zeuxine strateumatica rupicola,Zeuxine strateumatica var. rupicola,相同Kingdom學名加命名者重複,0,https://taxatree.tbn.org.tw/taxa/5623551a-59fa-4b45-a01e-fa53657b7716
9711a88c-f488-4997-9572-cc49e81de6e6,infraspecies,Plantae,"","",Zeuxine strateumatica rupicola,Zeuxine strateumatica f. rupicola,相同Kingdom學名加命名者重複,0,https://taxatree.tbn.org.tw/taxa/9711a88c-f488-4997-9572-cc49e81de6e6
4172b6a1-fcf4-4c9c-80fb-204afd9b225b,species,Animalia,t0096619,"",Nodularia douglasiae,Nodularia douglasiae,相同Kingdom學名加命名者重複,59,https://taxatree.tbn.org.tw/taxa/4172b6a1-fcf4-4c9c-80fb-204afd9b225b
9f357184-4816-4254-bdef-e267f4436c17,infraspecies,Animalia,t0105419,"",Priotyrannus closteroides,Priotyrannus closteroides,相同Kingdom學名加命名者重複,42,https://taxatree.tbn.org.tw/taxa/9f357184-4816-4254-bdef-e267f4436c17
2642bc16-9eb0-4fb6-a7dd-42e871f6407f,species,Animalia,t0098587,"",Priotyrannus closteroides,Priotyrannus closteroides,相同Kingdom學名加命名者重複,51,https://taxatree.tbn.org.tw/taxa/2642bc16-9eb0-4fb6-a7dd-42e871f6407f
4b4cd66f-90ff-48c1-b0ef-12b1c856a02d,species,Animalia,t0086410,"",Nodularia douglasiae,Nodularia douglasiae,相同Kingdom學名加命名者重複,22,https://taxatree.tbn.org.tw/taxa/4b4cd66f-90ff-48c1-b0ef-12b1c856a02d
ac5f2217-2f4d-4675-b582-80744db25b57,species,Plantae,"","",Carex japonica,Carex japonica Thunb.,相同Kingdom學名加命名者階層重複,9,https://taxatree.tbn.org.tw/taxa/ac5f2217-2f4d-4675-b582-80744db25b57
fdd794b6-dd1f-43c1-9487-fe0b4cc2095b,species,Plantae,"","",Carex japonica,Carex japonica Thunb.,相同Kingdom學名加命名者階層重複,0,https://taxatree.tbn.org.tw/taxa/fdd794b6-dd1f-43c1-9487-fe0b4cc2095b
5623551a-59fa-4b45-a01e-fa53657b7716,infraspecies,Plantae,"","",Zeuxine strateumatica rupicola,Zeuxine strateumatica var. rupicola,相同Kingdom學名加命名者階層重複,0,https://taxatree.tbn.org.tw/taxa/5623551a-59fa-4b45-a01e-fa53657b7716
9711a88c-f488-4997-9572-cc49e81de6e6,infraspecies,Plantae,"","",Zeuxine strateumatica rupicola,Zeuxine strateumatica f. rupicola,相同Kingdom學名加命名者階層重複,0,https://taxatree.tbn.org.tw/taxa/9711a88c-f488-4997-9572-cc49e81de6e6
4172b6a1-fcf4-4c9c-80fb-204afd9b225b,species,Animalia,t0096619,"",Nodularia douglasiae,Nodularia douglasiae,相同Kingdom學名加命名者階層重複,59,https://taxatree.tbn.org.tw/taxa/4172b6a1-fcf4-4c9c-80fb-204afd9b225b
4b4cd66f-90ff-48c1-b0ef-12b1c856a02d,species,Animalia,t0086410,"",Nodularia douglasiae,Nodularia douglasiae,相同Kingdom學名加命名者階層重複,22,https://taxatree.tbn.org.tw/taxa/4b4cd66f-90ff-48c1-b0ef-12b1c856a02d
