taxonUUID,taxonRank,parentUUID,kingdom,simplifiedScientificName,variety,form,cultigen,nomenclaturalCode,reason,groupID,number_of_occurrence,TT_URL
fb046517-ee4f-4a57-b8e0-cfd786f8caf8,species,39458745-3727-4826-b1be-5bebac0ba13a,Animalia,Molpadia changi,"","","",ICN,命名法規錯誤的動物,,0,https://taxatree.tbn.org.tw/taxa/fb046517-ee4f-4a57-b8e0-cfd786f8caf8
5ebf4d82-da96-4f72-aade-171bf0aef2f0,species,39458745-3727-4826-b1be-5bebac0ba13a,Animalia,Molpadia roretzi,"","","",ICN,命名法規錯誤的動物,,0,https://taxatree.tbn.org.tw/taxa/5ebf4d82-da96-4f72-aade-171bf0aef2f0
0e5cfdad-25f7-49b5-8677-f735bcfc2613,species,87b883ed-533c-4c99-8130-feb6d8af8b3b,Animalia,Turbinaria frondens,"","","",ICN,命名法規錯誤的動物,,109,https://taxatree.tbn.org.tw/taxa/0e5cfdad-25f7-49b5-8677-f735bcfc2613
4838fb71-6c8c-46e8-81c0-38fed67d2230,species,87b883ed-533c-4c99-8130-feb6d8af8b3b,Animalia,Turbinaria irregularis,"","","",ICN,命名法規錯誤的動物,,80,https://taxatree.tbn.org.tw/taxa/4838fb71-6c8c-46e8-81c0-38fed67d2230
49e408b8-ce53-403b-99b4-8ef9bd3d42ea,species,87b883ed-533c-4c99-8130-feb6d8af8b3b,Animalia,Turbinaria mesenterina,"","","",ICN,命名法規錯誤的動物,,147,https://taxatree.tbn.org.tw/taxa/49e408b8-ce53-403b-99b4-8ef9bd3d42ea
ac1fb651-8757-4cc3-b277-d6755e080239,species,87b883ed-533c-4c99-8130-feb6d8af8b3b,Animalia,Turbinaria peltata,"","","",ICN,命名法規錯誤的動物,,88,https://taxatree.tbn.org.tw/taxa/ac1fb651-8757-4cc3-b277-d6755e080239
4a5f428f-1210-477d-9ae7-a693b1309150,species,87b883ed-533c-4c99-8130-feb6d8af8b3b,Animalia,Turbinaria reniformis,"","","",ICN,命名法規錯誤的動物,,95,https://taxatree.tbn.org.tw/taxa/4a5f428f-1210-477d-9ae7-a693b1309150
8a3c8b1e-1935-4849-b417-529f9652e77a,species,87b883ed-533c-4c99-8130-feb6d8af8b3b,Animalia,Turbinaria stellulata,"","","",ICN,命名法規錯誤的動物,,75,https://taxatree.tbn.org.tw/taxa/8a3c8b1e-1935-4849-b417-529f9652e77a
2c73d68e-6e62-4099-bbb6-91fb865fb5dd,species,1b413a63-2715-49f1-85be-0c50f68eff3e,Plantae,Limnophila excelsa,"","","",三名法、二名法,命名法規錯誤的植物,,0,https://taxatree.tbn.org.tw/taxa/2c73d68e-6e62-4099-bbb6-91fb865fb5dd
36ec7cee-ff65-463b-af41-6d73e4ce0dd6,species,1b413a63-2715-49f1-85be-0c50f68eff3e,Plantae,Limnophila ferocia,"","","",三名法、二名法,命名法規錯誤的植物,,0,https://taxatree.tbn.org.tw/taxa/36ec7cee-ff65-463b-af41-6d73e4ce0dd6
3f8e6ff3-b6a7-4d99-a4cd-e8fca81a0d0a,species,1b413a63-2715-49f1-85be-0c50f68eff3e,Plantae,Limnophila platystyla,"","","",三名法、二名法,命名法規錯誤的植物,,0,https://taxatree.tbn.org.tw/taxa/3f8e6ff3-b6a7-4d99-a4cd-e8fca81a0d0a
5e2d93c4-f1dd-4317-a11f-6f1b47cbd5f3,species,1b413a63-2715-49f1-85be-0c50f68eff3e,Plantae,Limnophila rantaizana,"","","",三名法、二名法,命名法規錯誤的植物,,0,https://taxatree.tbn.org.tw/taxa/5e2d93c4-f1dd-4317-a11f-6f1b47cbd5f3
3ea50080-70ec-4798-a6c9-f44cfd710312,species,1b413a63-2715-49f1-85be-0c50f68eff3e,Plantae,Limnophila inaequalis,"","","",三名法、二名法,命名法規錯誤的植物,,0,https://taxatree.tbn.org.tw/taxa/3ea50080-70ec-4798-a6c9-f44cfd710312
5ee67b19-6a0e-4a89-87dc-8b1a1653e072,species,1b413a63-2715-49f1-85be-0c50f68eff3e,Plantae,Limnophila nesonemoralis,"","","",三名法、二名法,命名法規錯誤的植物,,0,https://taxatree.tbn.org.tw/taxa/5ee67b19-6a0e-4a89-87dc-8b1a1653e072
a797b0eb-f4b9-4344-81fd-eccd58390bed,species,1b413a63-2715-49f1-85be-0c50f68eff3e,Plantae,Limnophila dorsolineata,"","","",三名法、二名法,命名法規錯誤的植物,,0,https://taxatree.tbn.org.tw/taxa/a797b0eb-f4b9-4344-81fd-eccd58390bed
c2f44dca-5d0b-44eb-849b-3e47403ea3b3,species,1b413a63-2715-49f1-85be-0c50f68eff3e,Plantae,Limnophila formosa,"","","",三名法、二名法,命名法規錯誤的植物,,0,https://taxatree.tbn.org.tw/taxa/c2f44dca-5d0b-44eb-849b-3e47403ea3b3
db14c173-6383-4f80-9259-6f24e7f97636,species,1b413a63-2715-49f1-85be-0c50f68eff3e,Plantae,Limnophila taiwanensis,"","","",三名法、二名法,命名法規錯誤的植物,,0,https://taxatree.tbn.org.tw/taxa/db14c173-6383-4f80-9259-6f24e7f97636
dd9537b3-3282-4297-a540-f7e4b8dd0b5d,species,1b413a63-2715-49f1-85be-0c50f68eff3e,Plantae,Limnophila fascipennis,"","","",三名法、二名法,命名法規錯誤的植物,,0,https://taxatree.tbn.org.tw/taxa/dd9537b3-3282-4297-a540-f7e4b8dd0b5d
fa211335-ee95-4f39-aada-c88985868c72,species,1b413a63-2715-49f1-85be-0c50f68eff3e,Plantae,Limnophila harukonis,"","","",三名法、二名法,命名法規錯誤的植物,,0,https://taxatree.tbn.org.tw/taxa/fa211335-ee95-4f39-aada-c88985868c72
454838be-9924-468c-a5eb-86531de91e01,species,1b413a63-2715-49f1-85be-0c50f68eff3e,Plantae,Limnophila nigronitida,"","","",三名法、二名法,命名法規錯誤的植物,,0,https://taxatree.tbn.org.tw/taxa/454838be-9924-468c-a5eb-86531de91e01
4f533a56-5d11-45d9-a644-95fb094fe905,species,1b413a63-2715-49f1-85be-0c50f68eff3e,Plantae,Limnophila oritropha,"","","",三名法、二名法,命名法規錯誤的植物,,0,https://taxatree.tbn.org.tw/taxa/4f533a56-5d11-45d9-a644-95fb094fe905
d7465076-fa0f-4a3c-bf50-7c7fa6b41fe9,species,1b413a63-2715-49f1-85be-0c50f68eff3e,Plantae,Limnophila serridentata,"","","",三名法、二名法,命名法規錯誤的植物,,0,https://taxatree.tbn.org.tw/taxa/d7465076-fa0f-4a3c-bf50-7c7fa6b41fe9
985d1296-4d74-4da5-b45c-f87030fc997b,infraspecies,1b413a63-2715-49f1-85be-0c50f68eff3e,Plantae,Limnophila parallela,"","","",三名法、二名法,命名法規錯誤的植物,,0,https://taxatree.tbn.org.tw/taxa/985d1296-4d74-4da5-b45c-f87030fc997b
0d710e9d-a114-48fc-bc1c-e23047efa39a,species,ae3ad54b-b4e5-4ca3-a813-7fc997c0f610,Plantae,Gloriosa superba,"","","",ICN,種與種下命名法規不同,0d710e9d-a114-48fc-bc1c-e23047efa39a,11,https://taxatree.tbn.org.tw/taxa/0d710e9d-a114-48fc-bc1c-e23047efa39a
9591ead2-8052-4758-99b9-3f801db24ef9,infraspecies,0d710e9d-a114-48fc-bc1c-e23047efa39a,Plantae,Gloriosa superba Greenii,"","","",ICNCP,種與種下命名法規不同,0d710e9d-a114-48fc-bc1c-e23047efa39a,0,https://taxatree.tbn.org.tw/taxa/9591ead2-8052-4758-99b9-3f801db24ef9
0f050dd6-3cb9-4ecb-9e72-af8dc684b31b,species,c6558e6b-f82c-4369-9014-fef8b8e642e8,Protozoa,Cribraria cancellata,"","","",三名法、二名法,種與種下命名法規不同,0f050dd6-3cb9-4ecb-9e72-af8dc684b31b,3,https://taxatree.tbn.org.tw/taxa/0f050dd6-3cb9-4ecb-9e72-af8dc684b31b
cff0f6de-de82-47a2-847c-952ac6481257,infraspecies,0f050dd6-3cb9-4ecb-9e72-af8dc684b31b,Protozoa,Cribraria cancellata fuscum,"","","",ICN,種與種下命名法規不同,0f050dd6-3cb9-4ecb-9e72-af8dc684b31b,0,https://taxatree.tbn.org.tw/taxa/cff0f6de-de82-47a2-847c-952ac6481257
e9826bc2-50fe-4b22-a36a-ece91ab6226d,infraspecies,4b36213a-e1b7-4f97-b760-607f4896c9a3,Protozoa,Tripos pentagonus longisetum,"","","",ICN,種與種下命名法規不同,4b36213a-e1b7-4f97-b760-607f4896c9a3,0,https://taxatree.tbn.org.tw/taxa/e9826bc2-50fe-4b22-a36a-ece91ab6226d
4b36213a-e1b7-4f97-b760-607f4896c9a3,species,af2e5175-3f53-4745-abf0-d0e66880a01e,Protozoa,Tripos pentagonus,"","","",三名法、二名法,種與種下命名法規不同,4b36213a-e1b7-4f97-b760-607f4896c9a3,5,https://taxatree.tbn.org.tw/taxa/4b36213a-e1b7-4f97-b760-607f4896c9a3
7738fca7-79ac-41a9-bf65-5121d0d793bb,species,79b4b3bf-ae6b-4791-8d1c-c2b5997277e6,Plantae,Phalaenopsis ×ambotrana,"","","",ICN,種與種下命名法規不同,7738fca7-79ac-41a9-bf65-5121d0d793bb,0,https://taxatree.tbn.org.tw/taxa/7738fca7-79ac-41a9-bf65-5121d0d793bb
e2a76ee0-ef4f-4555-9444-7dc3deb666b0,infraspecies,7738fca7-79ac-41a9-bf65-5121d0d793bb,Plantae,Phalaenopsis ×ambotrana Gleneyrie,"","","",ICNCP,種與種下命名法規不同,7738fca7-79ac-41a9-bf65-5121d0d793bb,0,https://taxatree.tbn.org.tw/taxa/e2a76ee0-ef4f-4555-9444-7dc3deb666b0
438ae3ca-c265-4e89-b225-797daf830f75,infraspecies,7738fca7-79ac-41a9-bf65-5121d0d793bb,Plantae,Phalaenopsis ×ambotrana Fort Caroline Orchids,"","","",ICNCP,種與種下命名法規不同,7738fca7-79ac-41a9-bf65-5121d0d793bb,0,https://taxatree.tbn.org.tw/taxa/438ae3ca-c265-4e89-b225-797daf830f75
28d14191-5166-469b-a2bd-8696bde93af2,infraspecies,c35b5d43-15c1-4449-8fc7-c4dbc1efec44,Protozoa,Tripos symmetricus coarctatum,"","","",ICN,種與種下命名法規不同,c35b5d43-15c1-4449-8fc7-c4dbc1efec44,0,https://taxatree.tbn.org.tw/taxa/28d14191-5166-469b-a2bd-8696bde93af2
c35b5d43-15c1-4449-8fc7-c4dbc1efec44,species,af2e5175-3f53-4745-abf0-d0e66880a01e,Protozoa,Tripos symmetricus,"","","",三名法、二名法,種與種下命名法規不同,c35b5d43-15c1-4449-8fc7-c4dbc1efec44,0,https://taxatree.tbn.org.tw/taxa/c35b5d43-15c1-4449-8fc7-c4dbc1efec44
c3bd0261-e9fd-4afb-8792-5c4c2d6f8948,species,8f76c006-5907-4998-b59d-b64245f3fb20,Protozoa,Physarum album,"","","",三名法、二名法,種與種下命名法規不同,c3bd0261-e9fd-4afb-8792-5c4c2d6f8948,3,https://taxatree.tbn.org.tw/taxa/c3bd0261-e9fd-4afb-8792-5c4c2d6f8948
2b307b10-f67e-4a13-8a7d-490f136ed586,infraspecies,c3bd0261-e9fd-4afb-8792-5c4c2d6f8948,Protozoa,Physarum album rubrum,"","","",ICN,種與種下命名法規不同,c3bd0261-e9fd-4afb-8792-5c4c2d6f8948,0,https://taxatree.tbn.org.tw/taxa/2b307b10-f67e-4a13-8a7d-490f136ed586
db7f52f4-ccef-48e4-ae69-ef0d2565d1f4,species,07aaa509-21a0-4ecc-9911-9f2f442582e4,Plantae,Aechmea ×hybrida,"","","",ICN,種與種下命名法規不同,db7f52f4-ccef-48e4-ae69-ef0d2565d1f4,0,https://taxatree.tbn.org.tw/taxa/db7f52f4-ccef-48e4-ae69-ef0d2565d1f4
885353db-4aa8-4b4f-87e8-1cd9b3006519,infraspecies,db7f52f4-ccef-48e4-ae69-ef0d2565d1f4,Plantae,Aechmea ×hybrida Array,"","","",ICNCP,種與種下命名法規不同,db7f52f4-ccef-48e4-ae69-ef0d2565d1f4,0,https://taxatree.tbn.org.tw/taxa/885353db-4aa8-4b4f-87e8-1cd9b3006519
