TT_taxonUUID,TT_taxonRank,TT_kingdom,TT_taiCOLNameCode,TT_simplifiedScientificName,TC_taxon_id,TC_rank,TC_kingdom,TC_taxon_status,TC_is_in_taiwan
c1681d98-1571-4cfb-a7d5-549353bf8fd2,family,Animalia,"",Cybaeidae,t0136285,family,Animalia,accepted,FALSE
2fd599e9-f181-4634-b8b5-af5bed833d09,family,Animalia,"",Prodidomidae,t0136291,family,Animalia,accepted,FALSE
2fa10be7-79c4-4c25-8ad6-e6b3c2f5fdea,genus,Animalia,"",Itatsina,t0136308,genus,Animalia,accepted,FALSE
f2f9c643-a583-4918-b0ff-5a2bc348b314,genus,Animalia,"",Perisesarma,t0136316,genus,Animalia,accepted,FALSE
f194eecd-8d8f-40f6-b764-38e579e67ca2,genus,Animalia,"",Asthenognathus,t0136293,genus,Animalia,accepted,FALSE
5dd79a54-e0c3-427b-bb1a-bd985e84999a,genus,Animalia,"",Ranilia,t0136323,genus,Animalia,accepted,FALSE
f7babfd0-fa79-4d92-941f-ad1d598ac828,genus,Animalia,"",Scolymia,t0136325,genus,Animalia,accepted,FALSE
2d36e5e6-c69c-4ab1-90e7-108e64745f4e,genus,Animalia,"",Atrachya,t0136295,genus,Animalia,accepted,FALSE
21e9a521-3876-4ebc-9702-e08806e2d743,genus,Animalia,"",Rondonia,t0136324,genus,Animalia,accepted,FALSE
5ea6c0f7-476b-45ce-9983-bfc6db2460c8,genus,Animalia,"",Ovalisia,t0136313,genus,Animalia,accepted,FALSE
d0d240cb-b1d8-4fed-9eec-b34ba74525b0,genus,Animalia,"",Genusa,t0136306,genus,Animalia,accepted,FALSE
5de8bd5a-3f3f-4a19-9f48-6a5bf5127ac4,genus,Animalia,"",Cicurina,t0136299,genus,Animalia,accepted,FALSE
c94faa63-e076-4cfa-8eee-a6395e31a359,genus,Animalia,"",Lepthyphantes,t0136309,genus,Animalia,accepted,FALSE
03cb1ec3-8b54-4876-b755-05406c0e2ab8,species,Animalia,"",Carrhotus viduus,t0136335,species,Animalia,accepted,TRUE
f46df285-149a-4f13-93d5-a70ada0dcc7f,genus,Animalia,"",Parazygiella,t0136315,genus,Animalia,accepted,FALSE
b171dc05-c8fd-4e82-b141-7f117bc01272,genus,Animalia,"",Pharta,t0136319,genus,Animalia,accepted,FALSE
705455ce-00b6-44c2-9039-97d22a0521e8,genus,Animalia,"",Borboropactus,t0136296,genus,Animalia,accepted,FALSE
6b0ee843-5e1f-4c91-91d1-269bdb508f67,genus,Animalia,"",Epidius,t0136304,genus,Animalia,accepted,FALSE
b8e781e8-5c7a-4d5b-8ae1-334aa265135c,genus,Animalia,"",Strigoplus,t0136328,genus,Animalia,accepted,FALSE
ee4f511e-e133-4be6-b226-c3e6aa97f3ec,genus,Animalia,"",Phaeacius,t0136318,genus,Animalia,accepted,FALSE
64e5a6a3-8851-4e01-872a-228d109ef76b,genus,Animalia,"",Pseudicius,t0136321,genus,Animalia,accepted,FALSE
9b46e617-4d01-4ffd-9fe1-6a15711d772b,genus,Animalia,"",Simaetha,t0136326,genus,Animalia,accepted,FALSE
6293efc7-f08e-45b4-818c-225d7ef8d470,genus,Animalia,"",Trachelas,t0136329,genus,Animalia,accepted,FALSE
534293e3-4d9b-42fb-93e5-8a09a36c62d6,species,Animalia,"",Podocnemis unifilis,t0136357,species,Animalia,accepted,TRUE
719a16e9-f32e-4b87-a097-1419d5ad8483,genus,Animalia,"",Centrochelys,t0136298,genus,Animalia,accepted,TRUE
060c8136-2fe0-4478-8f68-c2d1a85b413d,species,Animalia,"",Centrochelys sulcata,t0136336,species,Animalia,accepted,TRUE
acddc1c1-a831-4a77-9a00-afc0563f0eeb,family,Animalia,"",Erinaceidae,t0136286,family,Animalia,accepted,FALSE
d54c2752-1c95-4d66-bbe1-2651d60b4076,genus,Animalia,"",Atelerix,t0136294,genus,Animalia,accepted,FALSE
f74027db-c09c-4b80-9e77-899963012aea,genus,Animalia,"",Tropidoclonion,t0136330,genus,Animalia,accepted,FALSE
2d8e7d95-6403-4490-9ddc-4444557f3b28,species,Animalia,"",Tropidoclonion lineatum,t0136368,species,Animalia,accepted,FALSE
e891dcd1-c1f7-4ae2-b08f-9d349583f8ae,genus,Animalia,"",Alle,t0136292,genus,Animalia,accepted,TRUE
1693137d-a211-4743-b37f-8bc43ebbe2e1,species,Animalia,"",Alle alle,t0136332,species,Animalia,accepted,TRUE
ade52c8a-ed3a-4ea2-9829-ae725d377255,species,Animalia,"",Pyrrhura molinae,t0136363,species,Animalia,accepted,TRUE
291cedc4-013d-4937-806f-1e1a40fd6fca,suborder,Animalia,"",Yangochiroptera,t0136371,suborder,Animalia,accepted,FALSE
8d778e7d-8fba-4004-a930-16410467724c,suborder,Animalia,"",Yinpterochiroptera,t0136372,suborder,Animalia,accepted,FALSE
1733bbe3-48a8-433e-9bb0-688d14e943a8,species,Animalia,"",Mustela putorius,t0136350,species,Animalia,accepted,TRUE
ad4a8f2c-9cbf-4170-9a6d-66c8dacd57d4,infraspecies,Animalia,"",Mustela putorius furo,t0136373,subspecies,Animalia,accepted,TRUE
7acefabd-e6c5-4382-93f2-ef3bb0adfa04,genus,Animalia,"",Cybaeus,t0136300,genus,Animalia,accepted,FALSE
102f66f6-7bdd-4057-ae8c-a097c134390d,family,Animalia,"",Procyonidae,t0136290,family,Animalia,accepted,TRUE
cbd2d7e7-d44c-4ba1-805f-eb0f16441b4d,genus,Animalia,"",Procyon,t0136320,genus,Animalia,accepted,TRUE
b8bf8509-0dc8-4042-a722-b0f0e44d9697,species,Animalia,"",Procyon lotor,t0136360,species,Animalia,accepted,TRUE
83a6d38e-97c9-44a5-908f-a33347324730,family,Animalia,"",Petauridae,t0136289,family,Animalia,accepted,TRUE
383f3c0c-6b40-4326-a8f2-47df1d3779db,genus,Animalia,"",Petaurus,t0136317,genus,Animalia,accepted,TRUE
c10373f4-265a-48dd-9c00-9c9fdd23a51d,species,Animalia,"",Petaurus breviceps,t0136355,species,Animalia,accepted,TRUE
8f38b975-ce34-4f12-9026-07d1d90e5b7a,genus,Animalia,"",Euplectes,t0136305,genus,Animalia,accepted,TRUE
d9458b74-f1be-4d0e-8077-c977030e3ea5,species,Animalia,"",Euplectes orix,t0136343,species,Animalia,accepted,TRUE
a52434ab-692e-448e-836a-14e8be55520f,species,Animalia,"",Machlolophus spilonotus,t0136348,species,Animalia,accepted,TRUE
7b8af3a7-4be8-4169-836a-152ee2d5183b,species,Animalia,"",Amandava subflava,t0136333,species,Animalia,accepted,TRUE
3e7a03fb-17d5-40b3-8606-176bf4e1fb2e,species,Animalia,"",Agapornis personatus,t0136331,species,Animalia,accepted,TRUE
d70ff556-a979-4ab5-ac6b-3d7e63c80500,genus,Animalia,"",Callonetta,t0136297,genus,Animalia,accepted,TRUE
606ec845-ddff-4d26-9328-f98262379fe3,species,Animalia,"",Callonetta leucophrys,t0136334,species,Animalia,accepted,TRUE
9f436600-6456-4262-84b7-90ce760b00f7,family,Animalia,"",Chloropseidae,t0136283,family,Animalia,accepted,FALSE
9c0f14d5-ff72-4e4c-9c82-809667299ee6,species,Animalia,"",Crithagra citrinipectus,t0136338,species,Animalia,accepted,TRUE
becfc705-8db1-42dc-b6cb-e6d2633ad6cd,genus,Animalia,"",Dacelo,t0136301,genus,Animalia,accepted,TRUE
7099f442-8a53-4a2d-8931-ffbe3c84fd04,species,Animalia,"",Dacelo novaeguineae,t0136339,species,Animalia,accepted,TRUE
7bfc652d-5ba2-460e-af0f-814beeba48df,species,Animalia,"",Chloropsis cochinchinensis,t0136337,species,Animalia,accepted,TRUE
88109162-83db-4b4b-af8e-22792fbb4871,genus,Animalia,"",Diopsittaca,t0136302,genus,Animalia,accepted,TRUE
ad201582-e7a7-4fd9-a0ed-c221a73c4b3d,species,Animalia,"",Diopsittaca nobilis,t0136340,species,Animalia,accepted,TRUE
fb3b13dd-8624-4db7-9ca1-2c9cb4f83355,genus,Animalia,"",Eclectus,t0136303,genus,Animalia,accepted,TRUE
a5935862-582d-4613-bb75-ced685072303,species,Animalia,"",Eclectus roratus,t0136341,species,Animalia,accepted,TRUE
e74e163c-ed0b-4267-ba67-6504901c45fa,species,Animalia,"",Geokichla dohertyi,t0136344,species,Animalia,accepted,TRUE
3c68165d-64e0-4bbc-abcb-a4efc5896034,species,Animalia,"",Geopelia cuneata,t0136345,species,Animalia,accepted,TRUE
3f3457bf-296d-4ce0-82cd-2dc112fa3b02,species,Animalia,"",Lamprotornis caudatus,t0136347,species,Animalia,accepted,TRUE
e8994324-2f7b-49c1-9c8e-43dd476d9033,genus,Animalia,"",Meleagris,t0136310,genus,Animalia,accepted,TRUE
404f67b3-05ea-4bc3-91ef-0991c7689583,species,Animalia,"",Meleagris gallopavo,t0136349,species,Animalia,accepted,TRUE
49de3093-d632-4700-9366-83bc033be1fa,genus,Animalia,"",Myiopsitta,t0136311,genus,Animalia,accepted,TRUE
959dcb70-5972-4529-866b-cc978cad8045,species,Animalia,"",Myiopsitta monachus,t0136351,species,Animalia,accepted,TRUE
b63e2041-4bd7-4b71-a668-0a4069c044f6,family,Animalia,"",Numididae,t0136288,family,Animalia,accepted,TRUE
ea44b831-25fd-4155-8602-fe98cc506c81,genus,Animalia,"",Numida,t0136312,genus,Animalia,accepted,TRUE
e709d5b2-c640-4667-9fb8-60666b1ee392,species,Animalia,"",Numida meleagris,t0136352,species,Animalia,accepted,TRUE
c2cecd50-1308-44b9-b2c3-1642ff6457f4,genus,Animalia,"",Parabuteo,t0136314,genus,Animalia,accepted,TRUE
9183b1fe-1421-422a-9fb0-c39fdd68d1b9,species,Animalia,"",Parabuteo unicinctus,t0136353,species,Animalia,accepted,TRUE
af33d0b9-46a7-4906-ab03-92dfe27e3619,species,Animalia,"",Paroaria gularis,t0136354,species,Animalia,accepted,TRUE
d23a3d9c-afd8-4445-84d0-b4c9f1ab11b5,species,Animalia,"",Ploceus jacksoni,t0136356,species,Animalia,accepted,TRUE
f6548d21-5627-4147-8e4c-84df9cdf06da,species,Animalia,"",Poicephalus senegalus,t0136358,species,Animalia,accepted,TRUE
c8e63a90-eac2-4f16-844c-dfa66e8abeea,species,Animalia,"",Primolius auricollis,t0136359,species,Animalia,accepted,TRUE
6cab629c-9118-4a46-91a5-70cebb210609,genus,Animalia,"",Psittacara,t0136322,genus,Animalia,accepted,TRUE
2a2a5e09-0cc1-4ea0-8876-d3a1add0bbbd,species,Animalia,"",Psittacara erythrogenys,t0136361,species,Animalia,accepted,TRUE
6b954751-7b3e-43e8-a855-d3d098f01ffc,species,Animalia,"",Psittacula eupatria,t0136362,species,Animalia,accepted,TRUE
ffbfd34a-640d-485a-83d5-6da6cc031dad,genus,Animalia,"",Pyrrhocorax,t0136275,genus,Animalia,accepted,FALSE
c9ee301c-8be3-4dde-8542-8aa54aae1742,species,Animalia,"",Pyrrhocorax pyrrhocorax,t0136268,species,Animalia,accepted,FALSE
54a5c8b3-778a-46e0-9b9c-7d36799b3c18,species,Animalia,"",Trichoglossus moluccanus,t0136365,species,Animalia,accepted,TRUE
df813c85-d964-4849-b506-d315679eb937,species,Animalia,"",Trichoglossus rubritorquis,t0136366,species,Animalia,accepted,TRUE
fb46b4e5-d2b4-43ba-a5db-f3cc22bf92b1,species,Animalia,"",Trochalopteron formosum,t0136367,species,Animalia,accepted,TRUE
ca04b9ad-203b-49a4-9ff4-25a903752d32,species,Animalia,"",Vidua chalybeata,t0136369,species,Animalia,accepted,TRUE
236baa19-37c4-41b9-8761-dc2e29ec67f5,species,Animalia,"",Vidua obtusa,t0136370,species,Animalia,accepted,TRUE
47011ba1-a5ba-4aa0-937e-caf42b93cc20,species,Animalia,"",Euplectes afer,t0136342,species,Animalia,accepted,TRUE
97a584e6-1689-45ee-a654-5dc2624f3143,genus,Animalia,"",Stizoptera,t0136327,genus,Animalia,accepted,TRUE
8d3b0f6d-7b24-4e98-bd0c-dc51897a7587,species,Animalia,"",Stizoptera bichenovii,t0136364,species,Animalia,accepted,TRUE
58b25f68-0a3d-43a8-a3f0-1e1125dcfa45,genus,Animalia,"",Graptemys,t0136307,genus,Animalia,accepted,TRUE
e6ed5b5d-64c0-41f6-b7d9-2142899acee4,species,Animalia,"",Graptemys ouachitensis,t0136346,species,Animalia,accepted,TRUE
