TT_taxonUUID,TT_taxonRank,TT_kingdom,TT_taiCOLNameCode,TT_simplifiedScientificName,TC_rank,TC_kingdom,TC_simple_name,TC_taxon_status,TC_is_in_taiwan,TC_new_taxon_id,TT_URL
a4bf4963-5d24-4e02-9b11-b8a2ce74bfab,class,Animalia,t0002887,Actinopterygii,class,Animalia,Actinopterygii,deleted,TRUE,"",https://taxatree.tbn.org.tw/taxa/a4bf4963-5d24-4e02-9b11-b8a2ce74bfab
beec8449-e5f8-486b-8395-ac587db6c64d,class,Animalia,t0002889,Aves,class,Animalia,Aves,deleted,TRUE,t0000650,https://taxatree.tbn.org.tw/taxa/beec8449-e5f8-486b-8395-ac587db6c64d
1fac4bd1-a247-4d55-9ca7-fb5c9e618208,class,Animalia,t0002899,Trematoda,class,Animalia,Trematoda,deleted,TRUE,t0000723,https://taxatree.tbn.org.tw/taxa/1fac4bd1-a247-4d55-9ca7-fb5c9e618208
49e7c14b-438f-4952-ac66-363d498040e1,order,Animalia,t0003024,Poecilostomatoida,order,Animalia,Poecilostomatoida,deleted,TRUE,t0001800,https://taxatree.tbn.org.tw/taxa/49e7c14b-438f-4952-ac66-363d498040e1
05afcbaa-57cc-475b-aaa2-84f847a81a6a,order,Animalia,t0003082,Scalpelliiformes,order,Animalia,Scalpelliiformes,deleted,FALSE,t0002132,https://taxatree.tbn.org.tw/taxa/05afcbaa-57cc-475b-aaa2-84f847a81a6a
25341c2d-9242-49b3-b8f4-42b242fd2d2e,order,Animalia,t0003070,Mytiloida,order,Animalia,Mytiloida,deleted,TRUE,t0002002,https://taxatree.tbn.org.tw/taxa/25341c2d-9242-49b3-b8f4-42b242fd2d2e
a72f3958-1906-42e7-a482-9422b64cc6ed,order,Animalia,t0003087,Siphonophorae,order,Animalia,Siphonophora,deleted,TRUE,t0002153,https://taxatree.tbn.org.tw/taxa/a72f3958-1906-42e7-a482-9422b64cc6ed
f1074b32-b17c-4a10-b5c0-21717b28b7d4,family,Animalia,t0005335,Archaeobalanidae,family,Animalia,Archaeobalanidae,deleted,TRUE,t0004083,https://taxatree.tbn.org.tw/taxa/f1074b32-b17c-4a10-b5c0-21717b28b7d4
2d9c8b72-3c4d-489d-8ad7-99a5f6ff85b2,family,Animalia,t0004251,Oxynaspididae,family,Animalia,Oxynaspididae,deleted,TRUE,t0004013,https://taxatree.tbn.org.tw/taxa/2d9c8b72-3c4d-489d-8ad7-99a5f6ff85b2
dd91addf-d615-4f32-996e-59c934fefcf4,genus,Animalia,t0012330,Cosella,genus,Animalia,Cosella,deleted,TRUE,t0012329,https://taxatree.tbn.org.tw/taxa/dd91addf-d615-4f32-996e-59c934fefcf4
d20f865f-92f1-4027-b466-9c56df747dc6,genus,Animalia,t0021877,Lipocrea,genus,Animalia,Lipocrea,deleted,TRUE,t0021530,https://taxatree.tbn.org.tw/taxa/d20f865f-92f1-4027-b466-9c56df747dc6
9d26f14f-02da-4596-8b48-5ff0b51efaad,genus,Animalia,t0010213,Aponomma,genus,Animalia,Aponomma,deleted,TRUE,t0009778,https://taxatree.tbn.org.tw/taxa/9d26f14f-02da-4596-8b48-5ff0b51efaad
58d96355-7f02-4682-8cc5-b99ccf6bbf46,genus,Animalia,t0014455,Peuaeus,genus,Animalia,Peuaeus,deleted,FALSE,t0014331,https://taxatree.tbn.org.tw/taxa/58d96355-7f02-4682-8cc5-b99ccf6bbf46
4d4dd13d-57ee-459d-81bd-407ba9f0928d,genus,Animalia,t0093924,Totanus,genus,Animalia,Totanus,deleted,TRUE,"",https://taxatree.tbn.org.tw/taxa/4d4dd13d-57ee-459d-81bd-407ba9f0928d
ec9090fc-a7bd-4f3f-b82e-4c25dd544d13,genus,Animalia,t0011754,Chelonibia,genus,Animalia,Chelonibia,deleted,TRUE,t0011753,https://taxatree.tbn.org.tw/taxa/ec9090fc-a7bd-4f3f-b82e-4c25dd544d13
e23b6b06-5c62-4f39-8a66-371aee0ca319,genus,Animalia,t0019103,Elaphe,genus,Animalia,Elaphe,deleted,TRUE,t0013635,https://taxatree.tbn.org.tw/taxa/e23b6b06-5c62-4f39-8a66-371aee0ca319
c9dcd09c-d838-47b2-aa5d-9f92cf0caa4e,genus,Animalia,t0012773,Nass,genus,Animalia,Nass,deleted,TRUE,"",https://taxatree.tbn.org.tw/taxa/c9dcd09c-d838-47b2-aa5d-9f92cf0caa4e
165b07fa-4651-49f8-921c-a01740cf3c54,genus,Animalia,t0015037,Pompholyx,genus,Animalia,Pompholyx,deleted,TRUE,t0015036,https://taxatree.tbn.org.tw/taxa/165b07fa-4651-49f8-921c-a01740cf3c54
981a465c-16ad-455d-a342-9334084373b6,genus,Animalia,t0016877,Strangaliella,genus,Animalia,Strangaliella,deleted,TRUE,t0014139,https://taxatree.tbn.org.tw/taxa/981a465c-16ad-455d-a342-9334084373b6
c71e4c49-439f-44ff-a4b0-edf58dc4c83f,genus,Animalia,t0093436,Priotyrranus,genus,Animalia,Priotyrranus,deleted,TRUE,t0015132,https://taxatree.tbn.org.tw/taxa/c71e4c49-439f-44ff-a4b0-edf58dc4c83f
b3a65aa6-d2ec-4d40-b93d-50278931db53,genus,Animalia,t0020890,Hybrdolinus,genus,Animalia,Hybrdolinus,deleted,TRUE,"",https://taxatree.tbn.org.tw/taxa/b3a65aa6-d2ec-4d40-b93d-50278931db53
b6bc6282-a125-4cc5-a884-393b38635097,genus,Animalia,t0022711,Micraspis,genus,Animalia,Micraspis,deleted,TRUE,t0009646,https://taxatree.tbn.org.tw/taxa/b6bc6282-a125-4cc5-a884-393b38635097
d2bba599-d2f6-4296-8a0a-942a59dfafa2,genus,Animalia,t0018058,Verania,genus,Animalia,Verania,deleted,FALSE,t0009646,https://taxatree.tbn.org.tw/taxa/d2bba599-d2f6-4296-8a0a-942a59dfafa2
30a3685d-e3a2-4eed-94ad-6a2ad22d0aae,genus,Animalia,t0016419,Silvanoprus,genus,Animalia,Silvanoprus,deleted,TRUE,t0016418,https://taxatree.tbn.org.tw/taxa/30a3685d-e3a2-4eed-94ad-6a2ad22d0aae
dc459b6c-9ea4-4b0f-990c-349761259e54,genus,Animalia,t0093185,Pachyphlegyas,genus,Animalia,Pachyphlegyas,deleted,TRUE,t0013764,https://taxatree.tbn.org.tw/taxa/dc459b6c-9ea4-4b0f-990c-349761259e54
b3070d75-42ed-49dc-926f-98bb5ae7da18,genus,Animalia,t0016072,Sarcotakaops,genus,Animalia,Sarcotakaops,deleted,TRUE,t0016069,https://taxatree.tbn.org.tw/taxa/b3070d75-42ed-49dc-926f-98bb5ae7da18
78dd95bc-1847-465e-9451-a3aff3275875,genus,Animalia,t0094274,Cutilia,genus,Animalia,Cutilia,deleted,FALSE,t0006932,https://taxatree.tbn.org.tw/taxa/78dd95bc-1847-465e-9451-a3aff3275875
37f6af3a-495c-4c48-a6ae-530ba41decb4,genus,Animalia,t0026112,Larinia,genus,Animalia,Larinia,deleted,FALSE,t0021530,https://taxatree.tbn.org.tw/taxa/37f6af3a-495c-4c48-a6ae-530ba41decb4
c6bb727c-9c9f-4b29-a4a3-22758e04551b,species,Animalia,t0079458,Cosella kadsuriae,species,Animalia,Cosella kadsuriae,deleted,TRUE,t0079449,https://taxatree.tbn.org.tw/taxa/c6bb727c-9c9f-4b29-a4a3-22758e04551b
fccc4606-182f-47e3-a0a4-6cf15486d651,species,Animalia,t0079460,Cosella parvifloriae,species,Animalia,Cosella parvifloriae,deleted,TRUE,t0079450,https://taxatree.tbn.org.tw/taxa/fccc4606-182f-47e3-a0a4-6cf15486d651
f0bc52a7-36e2-46a9-be03-0f03596fcced,species,Animalia,t0099211,Toxeus magnus,species,Animalia,Toxeus magnus,deleted,TRUE,t0047607,https://taxatree.tbn.org.tw/taxa/f0bc52a7-36e2-46a9-be03-0f03596fcced
dba8ef60-49c8-4707-a6f6-792dd04a9d14,species,Animalia,t0071102,Amblyomma microplus,species,Animalia,Amblyomma microplus,deleted,TRUE,"",https://taxatree.tbn.org.tw/taxa/dba8ef60-49c8-4707-a6f6-792dd04a9d14
baf0de17-634c-4fb1-923c-0c9584586670,species,Animalia,t0096359,Metadentobunus formosae,species,Animalia,Metadentobunus formosae,deleted,TRUE,t0085898,https://taxatree.tbn.org.tw/taxa/baf0de17-634c-4fb1-923c-0c9584586670
b32b28fb-197a-4d09-bf27-d3273d86152f,species,Animalia,t0070004,Acanthyphyra quadrispinosa,species,Animalia,Acanthyphyra quadrispinosa,deleted,TRUE,t0069957,https://taxatree.tbn.org.tw/taxa/b32b28fb-197a-4d09-bf27-d3273d86152f
d7aa5caa-80b8-43ed-9a24-bb30e6543c98,species,Animalia,t0083359,Parasesarma bidens,species,Animalia,Parasesarma bidens,deleted,TRUE,t0083358,https://taxatree.tbn.org.tw/taxa/d7aa5caa-80b8-43ed-9a24-bb30e6543c98
9fc6ccff-8cad-45f0-b5ce-b0a569fb56fc,species,Animalia,t0036654,Prionocrangon ommatosteres,species,Animalia,Prionocrangon ommatosteres,deleted,TRUE,t0036652,https://taxatree.tbn.org.tw/taxa/9fc6ccff-8cad-45f0-b5ce-b0a569fb56fc
d6e4dc96-5902-45bc-b537-8ca547693c37,species,Animalia,t0036653,Prionocrangon formosa,species,Animalia,Prionocrangon formosa,deleted,TRUE,t0036651,https://taxatree.tbn.org.tw/taxa/d6e4dc96-5902-45bc-b537-8ca547693c37
46f97890-79da-4963-856a-dc4620d999e0,species,Animalia,t0082940,Panulirus penicillatus,species,Animalia,Panulirus penicillatus,deleted,TRUE,t0082939,https://taxatree.tbn.org.tw/taxa/46f97890-79da-4963-856a-dc4620d999e0
8216d4fb-6d77-4432-a5a7-04e05f01c1c3,species,Animalia,t0096225,Lucifer intemedius,species,Animalia,Lucifer intemedius,deleted,TRUE,t0068042,https://taxatree.tbn.org.tw/taxa/8216d4fb-6d77-4432-a5a7-04e05f01c1c3
d91ef0a8-2e23-40e9-8044-412a6959ad0a,species,Animalia,t0099208,Totanus murrayi,species,Animalia,Totanus murrayi,deleted,TRUE,"",https://taxatree.tbn.org.tw/taxa/d91ef0a8-2e23-40e9-8044-412a6959ad0a
d891ac88-920a-44d4-a510-800a66aa01b0,species,Animalia,t0099209,Totanus scaphus,species,Animalia,Totanus scaphus,deleted,TRUE,"",https://taxatree.tbn.org.tw/taxa/d891ac88-920a-44d4-a510-800a66aa01b0
e3783794-425a-454e-b32e-e3f6d0995dcb,species,Animalia,t0099210,Totanus sinicus,species,Animalia,Totanus sinicus,deleted,TRUE,"",https://taxatree.tbn.org.tw/taxa/e3783794-425a-454e-b32e-e3f6d0995dcb
2ef4f990-b653-44ee-b391-0e5c5b55e6dc,species,Animalia,t0099206,Totanus derjugini,species,Animalia,Totanus derjugini,deleted,TRUE,"",https://taxatree.tbn.org.tw/taxa/2ef4f990-b653-44ee-b391-0e5c5b55e6dc
9e7b74f0-5540-4473-91a6-6be4430675aa,species,Animalia,t0099207,Totanus dextrilobatus,species,Animalia,Totanus dextrilobatus,deleted,TRUE,"",https://taxatree.tbn.org.tw/taxa/9e7b74f0-5540-4473-91a6-6be4430675aa
1f6a6a36-9894-4059-b7a4-02c12a90c792,species,Animalia,t0078082,Cheloniba testudinaria,species,Animalia,Cheloniba testudinaria,deleted,TRUE,t0078081,https://taxatree.tbn.org.tw/taxa/1f6a6a36-9894-4059-b7a4-02c12a90c792
4eb9b099-7fd4-4ea0-8fe0-2f440c753283,species,Animalia,t0078084,Chelonibia testudinaria,species,Animalia,Chelonibia testudinaria,deleted,TRUE,t0078081,https://taxatree.tbn.org.tw/taxa/4eb9b099-7fd4-4ea0-8fe0-2f440c753283
c93623fa-dfad-4bbd-b894-8de90edd25c5,species,Animalia,t0078083,Chelonibia patula,species,Animalia,Chelonibia patula,deleted,TRUE,t0078081,https://taxatree.tbn.org.tw/taxa/c93623fa-dfad-4bbd-b894-8de90edd25c5
b4f41769-4eae-4108-aa3d-4b144a14a559,species,Animalia,t0057170,Parascorpaena picta,species,Animalia,Parascorpaena picta,deleted,TRUE,t0056210,https://taxatree.tbn.org.tw/taxa/b4f41769-4eae-4108-aa3d-4b144a14a559
8c0493f2-d382-4195-acb4-19a4ae145e8c,species,Animalia,t0056070,Rhinopias aphanes,species,Animalia,Rhinopias aphanes,deleted,TRUE,t0032488,https://taxatree.tbn.org.tw/taxa/8c0493f2-d382-4195-acb4-19a4ae145e8c
74ee778b-67f3-4042-91e5-f0b40c5a2be2,species,Animalia,t0056211,Scorpaena neglecta,species,Animalia,Scorpaena neglecta,deleted,TRUE,t0056209,https://taxatree.tbn.org.tw/taxa/74ee778b-67f3-4042-91e5-f0b40c5a2be2
ce3dc45b-359c-4642-8311-0e5c0a759d02,species,Animalia,t0029001,Equulites leuciscus,species,Animalia,Equulites leuciscus,deleted,TRUE,t0027352,https://taxatree.tbn.org.tw/taxa/ce3dc45b-359c-4642-8311-0e5c0a759d02
7767a7d9-d6c3-40aa-9132-a9dec5f59426,species,Animalia,t0050859,Equulites absconditus,species,Animalia,Equulites absconditus,deleted,TRUE,t0027352,https://taxatree.tbn.org.tw/taxa/7767a7d9-d6c3-40aa-9132-a9dec5f59426
bc268fee-8f3a-4721-bea9-c2f23c19bfd6,species,Animalia,t0056689,Uranoscopus oligolepis,species,Animalia,Uranoscopus oligolepis,deleted,TRUE,t0028443,https://taxatree.tbn.org.tw/taxa/bc268fee-8f3a-4721-bea9-c2f23c19bfd6
920ffc97-8d33-4f40-83bc-7d5bcfd50cae,species,Animalia,t0101474,Opistognathus flavidus,species,Animalia,Opistognathus flavidus,deleted,TRUE,t0031335,https://taxatree.tbn.org.tw/taxa/920ffc97-8d33-4f40-83bc-7d5bcfd50cae
bbdb904f-2e30-46b8-8dbd-56556c2cfd20,species,Animalia,t0097825,Crithagra mozambica,species,Animalia,Crithagra mozambica,deleted,TRUE,t0038822,https://taxatree.tbn.org.tw/taxa/bbdb904f-2e30-46b8-8dbd-56556c2cfd20
fd76ff8a-1248-42cc-883d-80fbc9fd671b,species,Animalia,t0098681,Pterorhinus sannio,species,Animalia,Pterorhinus sannio,deleted,TRUE,t0029850,https://taxatree.tbn.org.tw/taxa/fd76ff8a-1248-42cc-883d-80fbc9fd671b
2c47464f-c529-4cef-8fc0-630785635851,species,Animalia,t0100037,Anthus rubescens,species,Animalia,Anthus rubescens,deleted,TRUE,t0085266,https://taxatree.tbn.org.tw/taxa/2c47464f-c529-4cef-8fc0-630785635851
f68f244e-2e27-4f75-a54b-bdb221b939e7,species,Animalia,t0096013,Larvivora akahige,species,Animalia,Larvivora akahige,deleted,TRUE,t0027315,https://taxatree.tbn.org.tw/taxa/f68f244e-2e27-4f75-a54b-bdb221b939e7
68950a5d-93e1-43af-84a2-e88df8dd0276,species,Animalia,t0096015,Larvivora komadori,species,Animalia,Larvivora komadori,deleted,TRUE,t0027316,https://taxatree.tbn.org.tw/taxa/68950a5d-93e1-43af-84a2-e88df8dd0276
4cf10880-fae5-44b5-9b7a-41b21c036b2d,species,Animalia,t0099074,Tarsiger cyanurus,species,Animalia,Tarsiger cyanurus,deleted,TRUE,t0086328,https://taxatree.tbn.org.tw/taxa/4cf10880-fae5-44b5-9b7a-41b21c036b2d
b65f39d9-1fc7-4fca-bcfa-0715bce24ec4,species,Animalia,t0097987,Dicrurus annectens,species,Animalia,Dicrurus annectens,deleted,TRUE,t0061577,https://taxatree.tbn.org.tw/taxa/b65f39d9-1fc7-4fca-bcfa-0715bce24ec4
8f91eeda-7942-44e1-8a8b-67b05373ebe2,species,Animalia,t0102342,Turdus mupinensis,species,Animalia,Turdus mupinensis,deleted,TRUE,t0082561,https://taxatree.tbn.org.tw/taxa/8f91eeda-7942-44e1-8a8b-67b05373ebe2
73d95a5d-eb55-45b1-b371-8cc9a0abf823,species,Animalia,t0097238,Helopsaltes certhiola,species,Animalia,Helopsaltes certhiola,deleted,TRUE,t0096196,https://taxatree.tbn.org.tw/taxa/73d95a5d-eb55-45b1-b371-8cc9a0abf823
07691bf1-5775-4255-9ce1-0cef40dd558d,species,Animalia,t0098359,Parus minor,species,Animalia,Parus minor,deleted,TRUE,t0098358,https://taxatree.tbn.org.tw/taxa/07691bf1-5775-4255-9ce1-0cef40dd558d
96507010-27ae-438b-bd64-0be53aa069dd,species,Animalia,t0099109,Thalasseus bergii,species,Animalia,Thalasseus bergii,deleted,TRUE,t0098966,https://taxatree.tbn.org.tw/taxa/96507010-27ae-438b-bd64-0be53aa069dd
9aefd3a9-04f1-4da4-838f-d0d25e5e7d31,species,Animalia,t0097409,Bubulcus ibis,species,Animalia,Bubulcus ibis,deleted,TRUE,t0029968,https://taxatree.tbn.org.tw/taxa/9aefd3a9-04f1-4da4-838f-d0d25e5e7d31
a8ef68fa-3ae3-4b70-b9d0-d824a2f95e9e,species,Animalia,t0099810,Aerodramus germani,species,Animalia,Aerodramus germani,deleted,TRUE,t0085187,https://taxatree.tbn.org.tw/taxa/a8ef68fa-3ae3-4b70-b9d0-d824a2f95e9e
46107149-2b06-47d2-9c2d-ae3af5df5354,species,Animalia,t0096426,Mogera insularis,species,Animalia,Mogera insularis,deleted,TRUE,t0085930,https://taxatree.tbn.org.tw/taxa/46107149-2b06-47d2-9c2d-ae3af5df5354
04f131e8-0372-4782-94cc-bd93f6b3cea9,species,Animalia,t0068946,Meretrix lusoria,species,Animalia,Meretrix lusoria,deleted,TRUE,t0027899,https://taxatree.tbn.org.tw/taxa/04f131e8-0372-4782-94cc-bd93f6b3cea9
6f4a6ba3-c2e3-4f26-b021-04b4c8e941fd,species,Animalia,t0101489,Meretrix meretrix,species,Animalia,Meretrix taiwanica,deleted,TRUE,t0027899,https://taxatree.tbn.org.tw/taxa/6f4a6ba3-c2e3-4f26-b021-04b4c8e941fd
2a9ea413-6c1c-41f4-9d0a-5cecb5c0757a,species,Animalia,t0027900,Meretrix petechialis,species,Animalia,Meretrix petechialis,deleted,TRUE,t0027899,https://taxatree.tbn.org.tw/taxa/2a9ea413-6c1c-41f4-9d0a-5cecb5c0757a
d901f355-fe48-45ed-b33d-ced9f55813c1,species,Animalia,t0066901,Laternula siphonata,species,Animalia,Laternula siphonata,deleted,TRUE,t0027332,https://taxatree.tbn.org.tw/taxa/d901f355-fe48-45ed-b33d-ced9f55813c1
4172b6a1-fcf4-4c9c-80fb-204afd9b225b,species,Animalia,t0096619,Nodularia douglasiae,species,Animalia,Nodularia douglasiae,deleted,TRUE,t0086410,https://taxatree.tbn.org.tw/taxa/4172b6a1-fcf4-4c9c-80fb-204afd9b225b
74b45c78-c442-441c-8f83-85c3f079cd11,species,Animalia,t0077353,Cancilla isabella,species,Animalia,Cancilla isabella,deleted,TRUE,t0038319,https://taxatree.tbn.org.tw/taxa/74b45c78-c442-441c-8f83-85c3f079cd11
44b5bf37-844a-47e7-8fee-2334de595d76,species,Animalia,t0081053,Nebularia vexillum,species,Animalia,Nebularia vexillum,deleted,TRUE,t0069478,https://taxatree.tbn.org.tw/taxa/44b5bf37-844a-47e7-8fee-2334de595d76
49089cca-9a11-4898-81c3-8c0c96e6b6cc,species,Animalia,t0079144,Conus chaldeus,species,Animalia,Conus chaldeus,deleted,TRUE,t0079143,https://taxatree.tbn.org.tw/taxa/49089cca-9a11-4898-81c3-8c0c96e6b6cc
8217ff28-809c-4de8-848e-23095b66c46d,species,Animalia,t0097473,Camaena succincta,species,Animalia,Camaena succincta,deleted,TRUE,t0038298,https://taxatree.tbn.org.tw/taxa/8217ff28-809c-4de8-848e-23095b66c46d
101a910d-5460-4c56-b4ac-d9f0f8fbe9e2,species,Animalia,t0072396,Assiminea latericea,species,Animalia,Assiminea latericea,deleted,TRUE,t0037075,https://taxatree.tbn.org.tw/taxa/101a910d-5460-4c56-b4ac-d9f0f8fbe9e2
60bd333c-8c57-45cd-a62f-9acf3c66b355,species,Animalia,t0072393,Assiminea hayashii,species,Animalia,Assiminea hayashii,deleted,TRUE,t0046662,https://taxatree.tbn.org.tw/taxa/60bd333c-8c57-45cd-a62f-9acf3c66b355
a6d1e31f-4232-4778-a469-ac853cacc6cb,species,Animalia,t0097600,Cerithidea cingulata,species,Animalia,Cerithidea cingulata,deleted,TRUE,t0085423,https://taxatree.tbn.org.tw/taxa/a6d1e31f-4232-4778-a469-ac853cacc6cb
35ce4163-15cf-4344-9c1f-ae130d8929dc,species,Animalia,t0063017,Eratoena callosa,species,Animalia,Eratoena callosa,deleted,TRUE,t0046390,https://taxatree.tbn.org.tw/taxa/35ce4163-15cf-4344-9c1f-ae130d8929dc
ba38cc06-f5d3-4141-b5bb-9132a048c9fa,species,Animalia,t0096335,Melanoides tuberculatus,species,Animalia,Melanoides tuberculatus,deleted,TRUE,t0027879,https://taxatree.tbn.org.tw/taxa/ba38cc06-f5d3-4141-b5bb-9132a048c9fa
db3b44fb-c723-4a0e-b58c-b5762f9733a3,species,Animalia,t0100057,Aphanoconia hungerfordiana,species,Animalia,Aphanoconia hungerfordiana,deleted,TRUE,t0097224,https://taxatree.tbn.org.tw/taxa/db3b44fb-c723-4a0e-b58c-b5762f9733a3
40c59304-db37-4090-af28-0ae4b0fc808c,species,Animalia,t0100058,Aphanoconia hungerfordianum,species,Animalia,Aphanoconia hungerfordianum,deleted,TRUE,t0097224,https://taxatree.tbn.org.tw/taxa/40c59304-db37-4090-af28-0ae4b0fc808c
1ade49b7-c2b9-4c94-a265-7f48ebefd241,species,Animalia,t0063362,Eulimitra peasei,species,Animalia,Eulimitra peasei,deleted,TRUE,t0063359,https://taxatree.tbn.org.tw/taxa/1ade49b7-c2b9-4c94-a265-7f48ebefd241
ad0b4890-98ee-42c5-bca0-dc56d5948fa6,species,Animalia,t0083941,Phalium inornatum,species,Animalia,Phalium inornatum,deleted,TRUE,t0038723,https://taxatree.tbn.org.tw/taxa/ad0b4890-98ee-42c5-bca0-dc56d5948fa6
529e6153-a3e2-4c42-8ad0-79a08b701999,species,Animalia,t0098421,Phalium bisulcatum,species,Animalia,Phalium bisulcatum,deleted,TRUE,t0032772,https://taxatree.tbn.org.tw/taxa/529e6153-a3e2-4c42-8ad0-79a08b701999
fd5eeed7-387d-4355-b2ba-88876643c79c,species,Animalia,t0098553,Polinices didyma,species,Animalia,Polinices didyma,deleted,TRUE,t0086136,https://taxatree.tbn.org.tw/taxa/fd5eeed7-387d-4355-b2ba-88876643c79c
146d85d9-e9f4-4495-a1ea-f2134eff2bce,species,Animalia,t0077641,Caulastrea furcata,species,Animalia,Caulastrea furcata,deleted,TRUE,t0077637,https://taxatree.tbn.org.tw/taxa/146d85d9-e9f4-4495-a1ea-f2134eff2bce
ac69dcea-5c74-4a17-ab06-fccb61d59256,species,Animalia,t0077642,Caulastrea tumida,species,Animalia,Caulastrea tumida,deleted,TRUE,t0077638,https://taxatree.tbn.org.tw/taxa/ac69dcea-5c74-4a17-ab06-fccb61d59256
054e7c2b-fd8c-412e-9a15-84fdce8a92fe,species,Animalia,t0077640,Caulastrea echinulata,species,Animalia,Caulastrea echinulata,deleted,TRUE,t0077636,https://taxatree.tbn.org.tw/taxa/054e7c2b-fd8c-412e-9a15-84fdce8a92fe
6b78b501-ae66-458f-91e5-d20bec1ee674,species,Animalia,t0097392,Brachionus calyciflorus,species,Animalia,Brachionus calyciflorus,deleted,TRUE,t0076702,https://taxatree.tbn.org.tw/taxa/6b78b501-ae66-458f-91e5-d20bec1ee674
6e2c5d5f-ed42-4943-b505-66fe69435587,species,Animalia,t0103444,Emberiza personata,species,Animalia,Emberiza personata,deleted,TRUE,t0085618,https://taxatree.tbn.org.tw/taxa/6e2c5d5f-ed42-4943-b505-66fe69435587
a16f0b8d-92b3-4dd5-9e0b-65df3699c9e9,infraspecies,Animalia,t0103598,Prinia striata striata,subspecies,Animalia,Prinia striata striata,deleted,TRUE,t0085129,https://taxatree.tbn.org.tw/taxa/a16f0b8d-92b3-4dd5-9e0b-65df3699c9e9
0972fa7d-e0d8-4dbb-b0ec-34d296000059,infraspecies,Animalia,t0105687,Passer cinnamomeus rutilans,species,Animalia,Passer rutilans,deleted,TRUE,t0031652,https://taxatree.tbn.org.tw/taxa/0972fa7d-e0d8-4dbb-b0ec-34d296000059
c02dc244-6ec4-40bf-bc35-5493d7390081,infraspecies,Animalia,t0099066,Tamiops maritimus formosanus,species,Animalia,Tamiops maritimus,deleted,TRUE,t0086327,https://taxatree.tbn.org.tw/taxa/c02dc244-6ec4-40bf-bc35-5493d7390081
e75401c6-5dcb-4c70-8760-a39e276f74e0,infraspecies,Animalia,t0086187,Pteropurpura adunca expansa,subspecies,Animalia,Pteropurpura adunca expansa,deleted,TRUE,t0032348,https://taxatree.tbn.org.tw/taxa/e75401c6-5dcb-4c70-8760-a39e276f74e0
bacc42ad-e21e-4265-920f-9e6e3eb023af,infraspecies,Animalia,t0086225,Satsuma succincta amblytropis,subspecies,Animalia,Satsuma succincta amblytropis,deleted,TRUE,t0085374,https://taxatree.tbn.org.tw/taxa/bacc42ad-e21e-4265-920f-9e6e3eb023af
f3638514-0258-4bed-80cf-325c4d2f2cd5,infraspecies,Animalia,t0102854,Cerithidea cingulata microptera,species,Animalia,Pirenella microptera,deleted,TRUE,t0085423,https://taxatree.tbn.org.tw/taxa/f3638514-0258-4bed-80cf-325c4d2f2cd5
ef3557ae-4785-4507-904a-f00cba333831,infraspecies,Animalia,t0102860,Cerithidea cingulata cingulata,species,Animalia,Pirenella cingulata,deleted,FALSE,t0085422,https://taxatree.tbn.org.tw/taxa/ef3557ae-4785-4507-904a-f00cba333831
7e9e2582-3d53-4691-a01a-c6495a0a5fe0,infraspecies,Animalia,t0086091,Phalium bisulcatum pila,subspecies,Animalia,Phalium bisulcatum pila,deleted,TRUE,t0032772,https://taxatree.tbn.org.tw/taxa/7e9e2582-3d53-4691-a01a-c6495a0a5fe0
a7029a47-05f0-4c4c-bbfb-13eed50ab7ec,infraspecies,Animalia,t0085269,Anuraea aculeata valga,subspecies,Animalia,Anuraea aculeata valga,deleted,TRUE,t0066566,https://taxatree.tbn.org.tw/taxa/a7029a47-05f0-4c4c-bbfb-13eed50ab7ec
dd642f24-892c-4bb6-8419-7dfc806e05da,species,Animalia,t0083705,Penia babai,species,Animalia,Penia babai,deleted,TRUE,t0079731,https://taxatree.tbn.org.tw/taxa/dd642f24-892c-4bb6-8419-7dfc806e05da
7496a820-f3f4-4700-ac80-2c12a490c1ba,species,Animalia,t0078993,Colobaspis sauteri,species,Animalia,Colobaspis sauteri,deleted,TRUE,t0078992,https://taxatree.tbn.org.tw/taxa/7496a820-f3f4-4700-ac80-2c12a490c1ba
3f868d57-a9a8-461a-8207-40371abe6fa4,species,Animalia,t0069298,Micromulciber gressitti,species,Animalia,Micromulciber gressitti,deleted,TRUE,t0037037,https://taxatree.tbn.org.tw/taxa/3f868d57-a9a8-461a-8207-40371abe6fa4
c98b373b-1d9b-4537-a76b-d0078b30bb4b,species,Animalia,t0083395,Parastrangalis lateristriata,species,Animalia,Parastrangalis lateristriata,deleted,TRUE,t0033086,https://taxatree.tbn.org.tw/taxa/c98b373b-1d9b-4537-a76b-d0078b30bb4b
75af7b20-dca2-496d-8e85-12eb644bfae7,species,Animalia,t0083397,Parastrangalis puliensis,species,Animalia,Parastrangalis puliensis,deleted,TRUE,t0039950,https://taxatree.tbn.org.tw/taxa/75af7b20-dca2-496d-8e85-12eb644bfae7
97c8c284-79b4-4793-b4ae-d51d3cc7ea8c,species,Animalia,t0037319,Pterolophia (Pterolophia) variantennalis,species,Animalia,Pterolophia variantennalis,deleted,TRUE,t0037316,https://taxatree.tbn.org.tw/taxa/97c8c284-79b4-4793-b4ae-d51d3cc7ea8c
6ebb7bf8-6d8b-4e03-8b9c-6a526b47f5f4,species,Animalia,t0046418,Sybra baculina,species,Animalia,Sybra baculina,deleted,TRUE,t0028137,https://taxatree.tbn.org.tw/taxa/6ebb7bf8-6d8b-4e03-8b9c-6a526b47f5f4
6cc4a524-250b-444f-bc06-2b76aa698c94,species,Animalia,t0098588,Priotyrranus closteroides,species,Animalia,Priotyrranus closteroides,deleted,FALSE,t0098587,https://taxatree.tbn.org.tw/taxa/6cc4a524-250b-444f-bc06-2b76aa698c94
b02a4c07-c88d-4225-bcdb-8a5130365ce1,species,Animalia,t0078946,Coenonica tonensis,species,Animalia,Coenonica tonensis,deleted,TRUE,t0065727,https://taxatree.tbn.org.tw/taxa/b02a4c07-c88d-4225-bcdb-8a5130365ce1
c4240b77-ccaf-4775-a690-0ef86e54e4f5,species,Animalia,t0065905,Hybrdolinus diabolicus,species,Animalia,Hybrdolinus diabolicus,deleted,TRUE,t0065906,https://taxatree.tbn.org.tw/taxa/c4240b77-ccaf-4775-a690-0ef86e54e4f5
73b075e1-bde0-4911-bab6-a96d56db18c6,species,Animalia,t0070774,Alesia discolor,species,Animalia,Alesia discolor,deleted,TRUE,t0069224,https://taxatree.tbn.org.tw/taxa/73b075e1-bde0-4911-bab6-a96d56db18c6
f5f4616e-d192-4303-8721-bd26126a4ff1,species,Animalia,t0082896,Pania luteopustulata,species,Animalia,Pania luteopustulata,deleted,TRUE,t0036797,https://taxatree.tbn.org.tw/taxa/f5f4616e-d192-4303-8721-bd26126a4ff1
8d5a2fb7-57dc-4bf3-8c20-2556e8645456,species,Animalia,t0032861,Singhikalia subfasciata,species,Animalia,Singhikalia subfasciata,deleted,TRUE,t0032860,https://taxatree.tbn.org.tw/taxa/8d5a2fb7-57dc-4bf3-8c20-2556e8645456
f213a485-1115-49e1-8a2b-95decd33433a,species,Animalia,t0099517,Anomala hualienensis,species,Animalia,Anomala hualienensis,deleted,TRUE,t0071601,https://taxatree.tbn.org.tw/taxa/f213a485-1115-49e1-8a2b-95decd33433a
fffc00b2-1c95-4625-8e9d-271f7bc48b1b,species,Animalia,t0099021,Synapsis davidi,species,Animalia,Synapsis davidis,deleted,TRUE,t0046465,https://taxatree.tbn.org.tw/taxa/fffc00b2-1c95-4625-8e9d-271f7bc48b1b
34bc3db2-9516-428d-bb99-1c36271699b5,species,Animalia,t0102410,Cyclommatus scutellaris,species,Animalia,Cyclommatinus scutellaris,deleted,TRUE,t0079955,https://taxatree.tbn.org.tw/taxa/34bc3db2-9516-428d-bb99-1c36271699b5
b91366e8-8d5f-482e-b5fc-b178cc7a48b1,species,Animalia,t0105413,Cyclommatus asahinai,subspecies,Animalia,Cyclommatinus asahinai asahinai,deleted,TRUE,t0102541,https://taxatree.tbn.org.tw/taxa/b91366e8-8d5f-482e-b5fc-b178cc7a48b1
2b60aa8a-9f63-4460-a9bc-ee19e48503c5,species,Animalia,t0096776,Dorcus striatipennis,species,Animalia,Dorcus striatipennis,deleted,TRUE,t0096254,https://taxatree.tbn.org.tw/taxa/2b60aa8a-9f63-4460-a9bc-ee19e48503c5
8f1de207-2ccb-4db1-81d6-236ee8486ab2,species,Animalia,t0102459,Dorcus titanus,species,Animalia,Serrognathus titanus,deleted,TRUE,t0096777,https://taxatree.tbn.org.tw/taxa/8f1de207-2ccb-4db1-81d6-236ee8486ab2
1bba4711-c8a1-42d1-a8a3-5c06f0065108,species,Animalia,t0036674,Prismognathus piluensis,species,Animalia,Prismognathus piluensis,deleted,TRUE,t0036673,https://taxatree.tbn.org.tw/taxa/1bba4711-c8a1-42d1-a8a3-5c06f0065108
7c1589e6-feed-4b2d-9ad6-cf7335675adf,species,Animalia,t0096879,Eobia curticornis,species,Animalia,Eobia curticornis,deleted,TRUE,t0085629,https://taxatree.tbn.org.tw/taxa/7c1589e6-feed-4b2d-9ad6-cf7335675adf
b4caa838-9638-4682-bc1f-eed82aa085d8,species,Animalia,t0098781,Sarcinodes yaeyamana,species,Animalia,Sarcinodes yaeyamana,deleted,TRUE,t0056137,https://taxatree.tbn.org.tw/taxa/b4caa838-9638-4682-bc1f-eed82aa085d8
2079a865-8250-4fd3-b0fe-c5f67f02e5ae,species,Animalia,t0096338,Melanthia catenaria,species,Animalia,Melanthia catenaria,deleted,TRUE,t0096331,https://taxatree.tbn.org.tw/taxa/2079a865-8250-4fd3-b0fe-c5f67f02e5ae
d96e96b6-f259-4633-b621-4a95f95f15d2,species,Animalia,t0103317,Mythimna guanyuana,species,Animalia,Mythimna guanyuana,deleted,TRUE,t0028197,https://taxatree.tbn.org.tw/taxa/d96e96b6-f259-4633-b621-4a95f95f15d2
80372e31-feeb-4917-a4c6-74fa28d54820,species,Animalia,t0098235,Ozarba uberosa,species,Animalia,Ozarba uberosa,deleted,TRUE,t0052313,https://taxatree.tbn.org.tw/taxa/80372e31-feeb-4917-a4c6-74fa28d54820
9d8a9dee-0be4-4741-a053-09b20768ce2f,species,Animalia,t0051377,Hilarographa calyx,species,Animalia,Hilarographa calyx,deleted,TRUE,t0029680,https://taxatree.tbn.org.tw/taxa/9d8a9dee-0be4-4741-a053-09b20768ce2f
67b55d4c-340c-4b25-8e06-273aa3b0a756,species,Animalia,t0100092,Arctornis l-nigrum,species,Animalia,Arctornis l-nigrum,deleted,TRUE,t0098415,https://taxatree.tbn.org.tw/taxa/67b55d4c-340c-4b25-8e06-273aa3b0a756
f03c2c87-d4b8-4e85-b231-18e61ca93b5f,species,Animalia,t0029071,Eugoa formosicola,species,Animalia,Eugoa formosicola,deleted,TRUE,t0029070,https://taxatree.tbn.org.tw/taxa/f03c2c87-d4b8-4e85-b231-18e61ca93b5f
92ef4150-113c-4c8e-bf16-254bab01fe46,species,Animalia,t0096918,Erasmia pulchella,species,Animalia,Erasmia pulchella,deleted,TRUE,t0084774,https://taxatree.tbn.org.tw/taxa/92ef4150-113c-4c8e-bf16-254bab01fe46
415878f1-ba09-476c-91e6-7d5e6fb949d0,species,Animalia,t0099135,Theretra nessus,species,Animalia,Theretra nessus,deleted,TRUE,t0085085,https://taxatree.tbn.org.tw/taxa/415878f1-ba09-476c-91e6-7d5e6fb949d0
1fe6f9cd-ab2a-4ec9-983d-a41b1add356c,species,Animalia,t0103314,Hexafrenum maculifer,species,Animalia,Hexafrenum maculifer,deleted,TRUE,t0029677,https://taxatree.tbn.org.tw/taxa/1fe6f9cd-ab2a-4ec9-983d-a41b1add356c
438f5f34-9533-4e60-9afa-4cc06e64c9a3,species,Animalia,t0050573,Deuterocopus triannulatus,species,Animalia,Deuterocopus triannulatus,deleted,TRUE,t0050572,https://taxatree.tbn.org.tw/taxa/438f5f34-9533-4e60-9afa-4cc06e64c9a3
9462838c-e1ec-4cc5-825e-09f46158dd0f,species,Animalia,t0051161,Glanycus tricolor,species,Animalia,Glanycus tricolor,deleted,TRUE,t0051160,https://taxatree.tbn.org.tw/taxa/9462838c-e1ec-4cc5-825e-09f46158dd0f
5ae157ca-1680-4e3e-88a0-b1cae2f4a71e,species,Animalia,t0099061,Tajuria illurgis,species,Animalia,Tajuria illurgis,deleted,TRUE,t0097782,https://taxatree.tbn.org.tw/taxa/5ae157ca-1680-4e3e-88a0-b1cae2f4a71e
98bf4954-a511-48c2-bf35-ce4e9db0dd35,species,Animalia,t0100167,Athyma jina,species,Animalia,Athyma jina,deleted,FALSE,t0096091,https://taxatree.tbn.org.tw/taxa/98bf4954-a511-48c2-bf35-ce4e9db0dd35
67521363-75c7-4b6d-997c-ae1d55a3c226,species,Animalia,t0098006,Neope muirheadii,species,Animalia,Neope muirheadii,deleted,TRUE,t0098005,https://taxatree.tbn.org.tw/taxa/67521363-75c7-4b6d-997c-ae1d55a3c226
83135f4f-cd70-4064-ac94-0270c1401c80,species,Animalia,t0096527,Nematopogon taiwanella,species,Animalia,Nematopogon taiwanella,deleted,TRUE,t0051996,https://taxatree.tbn.org.tw/taxa/83135f4f-cd70-4064-ac94-0270c1401c80
8cb3c793-2869-4420-8ce0-9fc45d48547b,species,Animalia,t0101342,Tettigella formosana,species,Animalia,Bothrogonia formosana,deleted,TRUE,t0047153,https://taxatree.tbn.org.tw/taxa/8cb3c793-2869-4420-8ce0-9fc45d48547b
bc5b7480-2e8a-42df-9e75-11ee2debfd42,species,Animalia,t0101911,Tettigella hoozanensis,species,Animalia,Kolla hoozanensis,deleted,TRUE,t0047154,https://taxatree.tbn.org.tw/taxa/bc5b7480-2e8a-42df-9e75-11ee2debfd42
e168fb61-2190-4f7f-a974-51a544da96d0,species,Animalia,t0047414,Tinginotum formosanum,species,Animalia,Tinginotum formosanum,deleted,TRUE,t0047412,https://taxatree.tbn.org.tw/taxa/e168fb61-2190-4f7f-a974-51a544da96d0
d5d98b2d-51a1-442a-b2a7-66d4ee2e903f,species,Animalia,t0104457,Balclutha laevis,species,Animalia,Balclutha laevis,deleted,TRUE,t0076181,https://taxatree.tbn.org.tw/taxa/d5d98b2d-51a1-442a-b2a7-66d4ee2e903f
8b4c13a4-5339-4ccc-ac70-5baf25a70f38,species,Animalia,t0076184,Balclutha frontalis,species,Animalia,Balclutha frontalis,deleted,TRUE,t0076183,https://taxatree.tbn.org.tw/taxa/8b4c13a4-5339-4ccc-ac70-5baf25a70f38
cdffe78a-397b-461f-b681-e145bc584d14,species,Animalia,t0076188,Balclutha rubrovittata,species,Animalia,Balclutha rubrovittata,deleted,TRUE,t0076187,https://taxatree.tbn.org.tw/taxa/cdffe78a-397b-461f-b681-e145bc584d14
4b061e85-0619-45ad-bf0c-57c9fc8cf2ba,species,Animalia,t0076190,Balclutha viridis,species,Animalia,Balclutha viridis,deleted,TRUE,t0076186,https://taxatree.tbn.org.tw/taxa/4b061e85-0619-45ad-bf0c-57c9fc8cf2ba
8af8e5ea-37ef-4333-a168-b8c6765ff5b3,species,Animalia,t0076180,Balclutha incisa,species,Animalia,Balclutha incisa,deleted,TRUE,t0076177,https://taxatree.tbn.org.tw/taxa/8af8e5ea-37ef-4333-a168-b8c6765ff5b3
282b1634-1f68-46d2-85ea-fcac363870d7,species,Animalia,t0076182,Balclutha lucida,species,Animalia,Balclutha lucida,deleted,TRUE,t0076181,https://taxatree.tbn.org.tw/taxa/282b1634-1f68-46d2-85ea-fcac363870d7
bc7da648-0a91-44c1-ad90-4bc7000394b4,species,Animalia,t0104534,Exitianus simillimus,species,Animalia,Exitianus nanus,deleted,TRUE,t0063712,https://taxatree.tbn.org.tw/taxa/bc7da648-0a91-44c1-ad90-4bc7000394b4
e958e3d2-59d6-4bf6-8fdc-6d86cd010eae,species,Animalia,t0065650,Hishimonus sellatus,species,Animalia,Hishimonus sellatus,deleted,TRUE,t0065647,https://taxatree.tbn.org.tw/taxa/e958e3d2-59d6-4bf6-8fdc-6d86cd010eae
fd54846d-b6e4-462f-9779-d4a3efc15147,species,Animalia,t0084251,Phylliana alba,species,Animalia,Phylliana alba,deleted,TRUE,t0064358,https://taxatree.tbn.org.tw/taxa/fd54846d-b6e4-462f-9779-d4a3efc15147
f52035d9-2e98-4867-ae2c-5e6033a539d3,species,Animalia,t0082085,Okiscarta uchidae,species,Animalia,Okiscarta uchidae,deleted,TRUE,t0082084,https://taxatree.tbn.org.tw/taxa/f52035d9-2e98-4867-ae2c-5e6033a539d3
ef869254-4823-4e74-970d-784e3a9f3ac5,species,Animalia,t0099186,Tituria planata,species,Animalia,Tituria planata,deleted,TRUE,t0062850,https://taxatree.tbn.org.tw/taxa/ef869254-4823-4e74-970d-784e3a9f3ac5
b77de024-358c-40a8-be0e-2c71bad57bf0,species,Animalia,t0068133,Lycorma olivacea,species,Animalia,Lycorma olivacea,deleted,TRUE,t0068132,https://taxatree.tbn.org.tw/taxa/b77de024-358c-40a8-be0e-2c71bad57bf0
110acd94-b515-4ea3-aca9-2af755972d86,species,Animalia,t0063657,Eutomostethus formosanus,species,Animalia,Eutomostethus formosanus,deleted,TRUE,t0047546,https://taxatree.tbn.org.tw/taxa/110acd94-b515-4ea3-aca9-2af755972d86
034af4bf-5c0a-48ad-aeba-adbd7160f3b5,species,Animalia,t0071104,Amblyopone sakaii,species,Animalia,Amblyopone sakaii,deleted,TRUE,t0039909,https://taxatree.tbn.org.tw/taxa/034af4bf-5c0a-48ad-aeba-adbd7160f3b5
dd2af71b-b624-4b0c-8a90-0b99810cab35,species,Animalia,t0098047,Netelia kiuhabona,species,Animalia,Netelia kiuhabona,deleted,TRUE,t0081567,https://taxatree.tbn.org.tw/taxa/dd2af71b-b624-4b0c-8a90-0b99810cab35
b4571813-f837-43a2-9dbd-72c4efe32783,species,Animalia,t0098958,Stenodynerus chinensis,species,Animalia,Stenodynerus chinensis,deleted,TRUE,t0039626,https://taxatree.tbn.org.tw/taxa/b4571813-f837-43a2-9dbd-72c4efe32783
b413293c-f937-46ce-bec2-4ce3db34458f,species,Animalia,t0061433,Dexopollenia luteola,species,Animalia,Dexopollenia luteola,deleted,TRUE,t0036386,https://taxatree.tbn.org.tw/taxa/b413293c-f937-46ce-bec2-4ce3db34458f
9f9ae253-2519-40b3-8da2-6f10cab00d67,species,Animalia,t0102400,Aedes (Scutomyia) albolineatus,species,Animalia,Scutomyia albolineata,deleted,TRUE,t0070374,https://taxatree.tbn.org.tw/taxa/9f9ae253-2519-40b3-8da2-6f10cab00d67
da23bf02-df63-499d-85b6-f47b0c61e178,species,Animalia,t0065171,Harpagophalla reciproca,species,Animalia,Harpagophalla reciproca,deleted,TRUE,t0038186,https://taxatree.tbn.org.tw/taxa/da23bf02-df63-499d-85b6-f47b0c61e178
a15a6b4e-ef90-418f-a9a4-4483376d076f,species,Animalia,t0038191,Sarcophaga orchidea,species,Animalia,Sarcophaga orchidea,deleted,TRUE,t0032591,https://taxatree.tbn.org.tw/taxa/a15a6b4e-ef90-418f-a9a4-4483376d076f
18f4d59e-6bb1-4cdd-a593-60dd54e881ae,species,Animalia,t0047477,Tipula nigrorubra,species,Animalia,Tipula nigrorubra,deleted,TRUE,t0047471,https://taxatree.tbn.org.tw/taxa/18f4d59e-6bb1-4cdd-a593-60dd54e881ae
3281eb02-c6d5-4c2a-ac76-b21a50fa277b,species,Animalia,t0047488,Tipula ruformedia,species,Animalia,Tipula rufomedia,deleted,TRUE,t0047471,https://taxatree.tbn.org.tw/taxa/3281eb02-c6d5-4c2a-ac76-b21a50fa277b
76e71daf-694e-4dba-866f-49570dcae13c,species,Animalia,t0046566,Tabanus sexcinctus,species,Animalia,Tabanus sexcinctus,deleted,TRUE,t0046565,https://taxatree.tbn.org.tw/taxa/76e71daf-694e-4dba-866f-49570dcae13c
b2e9738c-34d3-4aa5-bab2-f782485010d5,species,Animalia,t0076191,Baliga brunneipennis,species,Animalia,Baliga brunneipennis,deleted,TRUE,t0057882,https://taxatree.tbn.org.tw/taxa/b2e9738c-34d3-4aa5-bab2-f782485010d5
4410ea39-bf58-48a0-82d6-e424918cf108,species,Animalia,t0076192,Baliga eurystictus,species,Animalia,Baliga eurystictus,deleted,TRUE,t0057881,https://taxatree.tbn.org.tw/taxa/4410ea39-bf58-48a0-82d6-e424918cf108
8d9d62c3-1407-4529-a575-994f53344848,species,Animalia,t0076194,Baliga ochraceopennis,species,Animalia,Baliga ochraceopennis,deleted,TRUE,t0057881,https://taxatree.tbn.org.tw/taxa/8d9d62c3-1407-4529-a575-994f53344848
1625de07-f56e-48a4-9f4c-012543281830,species,Animalia,t0080830,Myrmeleon alticola,species,Animalia,Myrmeleon alticola,deleted,TRUE,t0057882,https://taxatree.tbn.org.tw/taxa/1625de07-f56e-48a4-9f4c-012543281830
fca1ca98-7c8c-461e-8967-f9e4994b274b,species,Animalia,t0080837,Myrmeleon wangi,species,Animalia,Myrmeleon wangi,deleted,TRUE,t0080831,https://taxatree.tbn.org.tw/taxa/fca1ca98-7c8c-461e-8967-f9e4994b274b
b1a7ac56-949d-4d38-b4da-653e6fb90cc3,species,Animalia,t0098747,Rhyothemis regia,species,Animalia,Rhyothemis regia,deleted,TRUE,t0032518,https://taxatree.tbn.org.tw/taxa/b1a7ac56-949d-4d38-b4da-653e6fb90cc3
f5ef6a9d-9efb-4a7d-bc81-5f80f0a9ca36,species,Animalia,t0065972,Hydropsyche kagiana,species,Animalia,Hydropsyche kagiana,deleted,TRUE,t0065971,https://taxatree.tbn.org.tw/taxa/f5ef6a9d-9efb-4a7d-bc81-5f80f0a9ca36
624a5629-d8bf-41e4-b3eb-6167332fc162,species,Animalia,t0037857,Rhyacophila matanyii,species,Animalia,Rhyacophila matanyii,deleted,TRUE,t0037849,https://taxatree.tbn.org.tw/taxa/624a5629-d8bf-41e4-b3eb-6167332fc162
d9318ff4-c04f-46bc-a8e6-d8ffd15aedb1,species,Animalia,t0037862,Rhyacophila similis,species,Animalia,Rhyacophila similis,deleted,TRUE,t0037859,https://taxatree.tbn.org.tw/taxa/d9318ff4-c04f-46bc-a8e6-d8ffd15aedb1
141722fa-203d-445b-b184-70c1aa11caa6,species,Animalia,t0069466,Stephoblemmus splendens,species,Animalia,Stephoblemmus minor,deleted,TRUE,t0069464,https://taxatree.tbn.org.tw/taxa/141722fa-203d-445b-b184-70c1aa11caa6
7c28ca48-33ba-4c6f-8696-7d9e28004a6f,species,Animalia,t0096638,Velarifictorus ornatus,species,Animalia,Velarifictorus ornatus,deleted,TRUE,t0086415,https://taxatree.tbn.org.tw/taxa/7c28ca48-33ba-4c6f-8696-7d9e28004a6f
ac643785-c439-4283-9ea1-07208fda37d0,species,Animalia,t0103602,Sigmella schenklingi,species,Animalia,Sigmella schenklingi,deleted,TRUE,t0032647,https://taxatree.tbn.org.tw/taxa/ac643785-c439-4283-9ea1-07208fda37d0
e5171125-cb8a-4b14-83ab-301d9d35f266,infraspecies,Animalia,t0085874,Macrotoma fisheri formosae,subspecies,Animalia,Macrotoma fisheri formosae,deleted,TRUE,t0085323,https://taxatree.tbn.org.tw/taxa/e5171125-cb8a-4b14-83ab-301d9d35f266
e8f30a45-bf0c-4c2e-935f-0d5756f49234,infraspecies,Animalia,t0085630,Eobia curticornis diversithorax,subspecies,Animalia,Eobia curticornis diversithorax,deleted,TRUE,t0085629,https://taxatree.tbn.org.tw/taxa/e8f30a45-bf0c-4c2e-935f-0d5756f49234
e9092246-8e13-42ae-ab89-3e4b36913393,infraspecies,Animalia,t0098550,Pogonopygia pavida pavida,species,Animalia,Pogonopygia pavida,deleted,TRUE,t0085079,https://taxatree.tbn.org.tw/taxa/e9092246-8e13-42ae-ab89-3e4b36913393
8674c679-fdc1-4732-823a-ba197e71bb8a,infraspecies,Animalia,t0101038,Neope muirheadii nagasawae,subspecies,Animalia,Neope muirheadii nagasawae,deleted,TRUE,t0084881,https://taxatree.tbn.org.tw/taxa/8674c679-fdc1-4732-823a-ba197e71bb8a
f7144617-e949-4f77-9550-4cbd2613f0d0,infraspecies,Animalia,t0087514,Okiscarta uchidae reticulata,variety,Animalia,Okiscarta uchidae var. reticulata,deleted,TRUE,t0082084,https://taxatree.tbn.org.tw/taxa/f7144617-e949-4f77-9550-4cbd2613f0d0
15e8519f-fbc9-43ea-8ea1-deff640f3aa8,infraspecies,Animalia,t0085208,Allantus luctifer melanocoxus,subspecies,Animalia,Allantus luctifer melanocoxus,deleted,TRUE,t0070860,https://taxatree.tbn.org.tw/taxa/15e8519f-fbc9-43ea-8ea1-deff640f3aa8
dea2c452-aa47-4bba-88e3-ca7edf080ae0,infraspecies,Animalia,t0086416,Velarifictorus ornatus ornatus,subspecies,Animalia,Velarifictorus ornatus ornatus,deleted,TRUE,t0086415,https://taxatree.tbn.org.tw/taxa/dea2c452-aa47-4bba-88e3-ca7edf080ae0
0a1f3c88-0e94-4db9-862a-af2c5346c310,species,Animalia,t0035990,Platnickina mneon,species,Animalia,Platnickina mneon,deleted,TRUE,t0028584,https://taxatree.tbn.org.tw/taxa/0a1f3c88-0e94-4db9-862a-af2c5346c310
51063950-c843-4476-9532-508b3afc378c,order,Animalia,t0003063,Lampriformes,order,Animalia,Lampriformes,deleted,TRUE,t0001930,https://taxatree.tbn.org.tw/taxa/51063950-c843-4476-9532-508b3afc378c
547442d6-3e57-4f36-900d-c7ae7cbaefd7,genus,Animalia,t0017774,Tripartita,genus,Animalia,Tripartita,deleted,TRUE,t0017666,https://taxatree.tbn.org.tw/taxa/547442d6-3e57-4f36-900d-c7ae7cbaefd7
7ae2e664-34bf-4a09-a7e1-c763b3a01899,species,Animalia,t0103319,Omphalomia hirta,species,Animalia,Omphalomia hirta,deleted,TRUE,t0030651,https://taxatree.tbn.org.tw/taxa/7ae2e664-34bf-4a09-a7e1-c763b3a01899
731fafc8-047b-4721-9d4c-a4dbc91856b3,species,Animalia,t0047996,Tripartita formosana,species,Animalia,Tripartita formosana,deleted,TRUE,t0047728,https://taxatree.tbn.org.tw/taxa/731fafc8-047b-4721-9d4c-a4dbc91856b3
7ca06c8f-84fd-435e-b8ce-d1469db9f4ef,genus,Animalia,t0092373,Eutittha,genus,Animalia,Eutittha,deleted,TRUE,t0011732,https://taxatree.tbn.org.tw/taxa/7ca06c8f-84fd-435e-b8ce-d1469db9f4ef
8856ce08-dd89-4094-9e47-cc8483d1ef5e,genus,Animalia,t0092380,Falcileptoneta,genus,Animalia,Falcileptoneta,deleted,TRUE,t0092379,https://taxatree.tbn.org.tw/taxa/8856ce08-dd89-4094-9e47-cc8483d1ef5e
f058ca4d-6abe-4832-8da7-bd42c5ac49e4,genus,Animalia,t0092975,Miyakella,genus,Animalia,Miyakella,deleted,TRUE,t0022883,https://taxatree.tbn.org.tw/taxa/f058ca4d-6abe-4832-8da7-bd42c5ac49e4
cc4d9136-4b05-4fdf-b22c-bf58d843a84f,genus,Animalia,t0093039,Nematopogon,genus,Animalia,Nematopogon,deleted,TRUE,t0012742,https://taxatree.tbn.org.tw/taxa/cc4d9136-4b05-4fdf-b22c-bf58d843a84f
1b3dbf17-4774-4e61-8a3a-39340fc3446d,genus,Animalia,t0093513,Pseudoxyroptilatila,genus,Animalia,Pseudoxyroptilatila,deleted,FALSE,t0015501,https://taxatree.tbn.org.tw/taxa/1b3dbf17-4774-4e61-8a3a-39340fc3446d
5a259ae5-b4bb-4e9a-93d7-6be20a4100f1,genus,Animalia,t0093788,Strongylophthalmyia,genus,Animalia,Strongylophthalmyia,deleted,TRUE,t0016902,https://taxatree.tbn.org.tw/taxa/5a259ae5-b4bb-4e9a-93d7-6be20a4100f1
0f5b76b2-1790-4419-af8c-a627853fd310,genus,Animalia,t0026008,Caulastraea,genus,Animalia,Caulastraea,deleted,TRUE,t0011480,https://taxatree.tbn.org.tw/taxa/0f5b76b2-1790-4419-af8c-a627853fd310
11853926-696b-4a9e-98a5-e11155939d37,species,Animalia,t0096374,Metriogryllacris magna,species,Animalia,Metriogryllacris magna,deleted,TRUE,t0081019,https://taxatree.tbn.org.tw/taxa/11853926-696b-4a9e-98a5-e11155939d37
8f6b21a6-23f8-478d-b894-08e59cb35429,species,Animalia,t0096781,Doriprismatica atromarginata,species,Animalia,Doriprismatica atromarginata,deleted,TRUE,t0064569,https://taxatree.tbn.org.tw/taxa/8f6b21a6-23f8-478d-b894-08e59cb35429
511c9de3-8fac-4f34-ac7b-c6024cb44dbe,species,Animalia,t0097468,Caloria indica,species,Animalia,Caloria indica,deleted,TRUE,t0084026,https://taxatree.tbn.org.tw/taxa/511c9de3-8fac-4f34-ac7b-c6024cb44dbe
4b643577-aece-4003-bcbe-bd8e0adecc9d,infraspecies,Animalia,t0101020,Limenitis jina sauteri,subspecies,Animalia,Limenitis jina sauteri,deleted,TRUE,t0084684,https://taxatree.tbn.org.tw/taxa/4b643577-aece-4003-bcbe-bd8e0adecc9d
3aea498c-a638-4e2b-99f8-ea9077952794,infraspecies,Animalia,t0102329,Pseudagkistrodon rudis rudis,subspecies,Animalia,Macropisthodon rudis rudis,deleted,TRUE,t0032205,https://taxatree.tbn.org.tw/taxa/3aea498c-a638-4e2b-99f8-ea9077952794
14a7cb6f-82a1-4a98-85a5-c78783721b51,species,Animalia,t0106232,Tuerkayana rotundum,species,Animalia,Tuerkayana rotundum,deleted,TRUE,t0061813,https://taxatree.tbn.org.tw/taxa/14a7cb6f-82a1-4a98-85a5-c78783721b51
