TT_taxonUUID,TT_taxonRank,TT_kingdom,TT_taiCOLNameCode,TT_simplifiedScientificName,TC_simple_name,TC_taxon_status,TC_is_in_taiwan
49e7c14b-438f-4952-ac66-363d498040e1,order,Animalia,t0001800,Poecilostomatoida,Cyclopoida,accepted,TRUE
05afcbaa-57cc-475b-aaa2-84f847a81a6a,order,Animalia,t0002132,Scalpelliiformes,Scalpellomorpha,accepted,TRUE
7598d2d0-e427-486a-b775-21fdec16afb5,order,Animalia,t0001930,Lampridiformes,Lampriformes,accepted,TRUE
25341c2d-9242-49b3-b8f4-42b242fd2d2e,order,Animalia,t0002002,Mytiloida,Mytilida,accepted,TRUE
aab869af-3661-47da-bf86-86f2a9220067,family,Animalia,t0004191,Urocteidae,Oecobiidae,accepted,TRUE
f1074b32-b17c-4a10-b5c0-21717b28b7d4,family,Animalia,t0004083,Archaeobalanidae,Balanidae,accepted,TRUE
2d9c8b72-3c4d-489d-8ad7-99a5f6ff85b2,family,Animalia,t0004013,Oxynaspididae,Poecilasmatidae,accepted,TRUE
1f990f65-b360-43c9-ab2c-2e7ec9b1917d,genus,Animalia,t0012329,Cosell,Cosella,accepted,TRUE
2e733415-0075-49ea-b5b1-1203b3d59efd,genus,Animalia,t0021530,Lariniaria,Larinia,accepted,TRUE
d20f865f-92f1-4027-b466-9c56df747dc6,genus,Animalia,t0021530,Lipocrea,Larinia,accepted,TRUE
ff2ea52c-1d12-413f-8472-d3e347364221,genus,Animalia,t0015639,Takachihoa,Pycnaxis,accepted,TRUE
72bb4713-6919-47ab-99a3-ab280038b6c2,genus,Animalia,t0018261,Pseudotriaeris,Xyphinus,accepted,TRUE
02531bda-5ccf-4287-9b3d-51f0980929bf,genus,Animalia,t0016383,Pakawops,Siamspinops,accepted,TRUE
7ca06c8f-84fd-435e-b8ce-d1469db9f4ef,genus,Animalia,t0011732,Eutittha,Cheiracanthium,accepted,TRUE
1cc3b16c-5a5c-4213-a214-4c5073be663b,genus,Animalia,t0092379,Falcileptoneata,Falcileptoneta,accepted,TRUE
9d26f14f-02da-4596-8b48-5ff0b51efaad,genus,Animalia,t0009778,Aponomma,Amblyomma,accepted,TRUE
58d96355-7f02-4682-8cc5-b99ccf6bbf46,genus,Animalia,t0014331,Peuaeus,Penaeus,accepted,TRUE
9e8fa204-31c2-4cab-a221-435803e79287,genus,Animalia,t0011753,Cheloniba,Chelonibia,accepted,TRUE
4eeb1d83-39f4-4f27-a614-a618924a575a,genus,Animalia,t0019151,Melophus,Emberiza,accepted,TRUE
d7f255c4-e0b0-47ed-92d1-bdd324b75a83,genus,Animalia,t0013635,Orthriophis,Elaphe,accepted,TRUE
aa4db525-a5f4-4988-8515-1aaa73abd4d6,genus,Animalia,t0021950,Symphyllia,Lobophyllia,accepted,TRUE
9f6903db-461a-4f45-ad5e-23ff84ab01ec,genus,Animalia,t0011480,Caulastrea,Caulastraea,accepted,TRUE
6517e621-ed85-4e63-98b2-e371358e4bc0,genus,Animalia,t0015036,Pompholys,Pompholyx,accepted,TRUE
981a465c-16ad-455d-a342-9334084373b6,genus,Animalia,t0014139,Strangaliella,Parastrangalis,accepted,TRUE
780ef936-c226-4f07-a9ab-ec9346c8455a,genus,Animalia,t0009646,Alesia,Micraspis,accepted,TRUE
d2bba599-d2f6-4296-8a0a-942a59dfafa2,genus,Animalia,t0009646,Verania,Micraspis,accepted,TRUE
d5a83005-3ebf-4ef6-8dbc-629473a90d0b,genus,Animalia,t0016418,Silvanophus,Silvanoprus,accepted,TRUE
79b7b7f8-b98e-46cb-bec2-d5b7583edd0a,genus,Animalia,t0015501,Pseudoxyroptila,Pseudoxyroptilatila,accepted,TRUE
24ab3ac7-3aa9-4386-8689-cbfb2d943216,genus,Animalia,t0013815,Palionebris,Trachydora,accepted,TRUE
fa240400-c653-43e6-bec6-dc3a95e86e5c,genus,Animalia,t0012742,Namatopogon,Nematopogon,accepted,TRUE
6807e765-4c1c-488e-b857-8713729b6dcd,genus,Animalia,t0017666,Triantennaria,Tripartita,accepted,TRUE
b3070d75-42ed-49dc-926f-98bb5ae7da18,genus,Animalia,t0016069,Sarcotakaops,Sarcophaga,accepted,TRUE
d0e5d24d-1e18-45b0-90e9-6cc44cb2ed95,genus,Animalia,t0021822,Limnophlia,Limnophila,accepted,TRUE
20f10778-cd2c-46d9-b6d0-9003539c4ba3,genus,Animalia,t0016902,Stronglyophthalmyia,Strongylophthalmyia,accepted,TRUE
78dd95bc-1847-465e-9451-a3aff3275875,genus,Animalia,t0006932,Cutilia,Melanozosteria,accepted,TRUE
ca718211-ab90-4a06-8a63-c3943e1896ea,species,Animalia,t0062213,Ebrechtella forcipata,Ebelingia forcipata,accepted,FALSE
dca7f9d6-781e-4445-abd9-587df5039c75,species,Animalia,t0057753,Argyrodes miniaceus,Famakytta miniaceus,accepted,TRUE
57dc7b42-ee6d-4b2a-994a-fdc14c17de97,species,Animalia,t0072216,Argyrodes lanyuensis,Rhinoliparus lanyuensis,accepted,TRUE
f8f233cf-d4c5-4e92-865a-c654f0839246,species,Animalia,t0078427,Chrysso trimaculata,Physcoa trimaculata,accepted,TRUE
400565a3-b9cd-4036-87c4-9adfb03cf713,species,Animalia,t0097706,Chrysso scintillans,Physcoa scintillans,accepted,TRUE
d42b79de-8cc3-4c58-af5d-65cc37794e4e,species,Animalia,t0029177,Faiditus xiphias,Rhinocosmetus xiphias,accepted,TRUE
860301c1-91be-4f36-a4a8-69d45d93a712,species,Animalia,t0028573,Yaginumena mutilata,Lasaeola mutilata,accepted,TRUE
ef26fc6f-1ac6-48d2-97b6-d5cb6c9598a7,species,Animalia,t0078422,Chrysso bimaculata,Megama bimaculata,accepted,TRUE
7644e723-a9a8-4488-a409-32ecf5adbbea,species,Animalia,t0061744,Dipoena pelorosa,Gushangzao pelorosa,accepted,TRUE
f8d0200f-84f5-4259-af12-d1b3bb8b4e17,species,Animalia,t0027661,Lycosa coelestis,Erranticosa coelestis,accepted,TRUE
2a4ff497-e8ed-4ebc-9e10-97767cd492a6,species,Animalia,t0031024,Dictyna felis,Shikibutyna felis,accepted,TRUE
66eca753-5f9a-48c7-b908-199722e9998d,species,Animalia,t0078788,Clubiona Kayashimai,Femorbiona Kayashimai,accepted,TRUE
8491828c-9e4a-476d-8c38-98ae707baa96,species,Animalia,t0068321,Macrothele taiwanensis,Vacrothele taiwanensis,accepted,TRUE
532bcc07-5f4c-4472-92c3-5fc4353e9563,species,Animalia,t0080849,Mysmena taiwanica,Chimena taiwanica,accepted,TRUE
3361925a-e3ac-405f-a5f7-4d40ded7244e,species,Animalia,t0079949,Cyclodius granulosus,Phymodius granulosus,accepted,TRUE
9862ee1a-3fd2-4e8e-a3a6-796158c15d09,species,Animalia,t0033342,Thalamita demani,Trierarchus demani,accepted,TRUE
472c5733-a048-4d8e-b2b5-b84c5fd0e631,species,Animalia,t0065237,Heikea japonica,Heikeopsis japonica,accepted,TRUE
74ad851c-784c-4019-8825-fa48baf7c1cb,species,Animalia,t0037872,Rhynchocinetes hendersoni,Cinetorhynchus hendersoni,accepted,TRUE
c209c92e-4ebd-4d87-96c3-ea7e025fc14e,species,Animalia,t0046238,Totanus taiwanicus,Tortanus taiwanicus,accepted,TRUE
2c31343a-7332-4a38-8124-d7be6d1ed89c,species,Animalia,t0047600,Totanus spinicaudatus,Tortanus spinicaudatus,accepted,TRUE
fb2ac646-5754-4e70-9faf-cd545fee033e,species,Animalia,t0047601,Totanus vermiculus,Tortanus vermiculus,accepted,TRUE
58c33ae0-c5c9-4212-995f-758db3923dd9,species,Animalia,t0047591,Totanus barbatus,Tortanus barbatus,accepted,TRUE
d53c6ced-1cd2-4167-a26d-74b256ced1f8,species,Animalia,t0047595,Totanus forcipatus,Tortanus forcipatus,accepted,TRUE
0fcb3c6c-fb8d-4f0c-ac42-28a00a708c68,species,Animalia,t0047596,Totanus gracilis,Tortanus gracilis,accepted,TRUE
d62cadfe-a265-4f83-a4a9-1c6b4aeac149,species,Animalia,t0047592,Totanus denticulata,Tortanus denticulata,accepted,TRUE
0b80b00e-c140-4a92-b758-7774d27fc5b2,species,Animalia,t0030930,Dendrochirus biocellatus,Nemapterois biocellatus,accepted,TRUE
0233dc43-b5d4-48c1-b6da-4e51639f0a21,species,Animalia,t0032340,Pterois antennatus,Pteropterus antennatus,accepted,TRUE
d4cab5bd-bf57-4cc1-b122-70430eb6def0,species,Animalia,t0056003,Pterois radiatus,Pteropterus radiatus,accepted,TRUE
a11caee8-4ee6-4b3b-b8e4-925296309345,species,Animalia,t0056002,Pterois paucispinula,Pteropterus paucispinula,accepted,TRUE
b110882c-ec87-4a71-9025-6ce8cab8f54d,species,Animalia,t0056214,Scorpaenodes crossotus,Thysanichthys crossotus,accepted,TRUE
fb16b09b-9653-4c28-b90a-0a4afbab6bc8,species,Animalia,t0032812,Setarches longimanus,Lythrichthys longimanus,accepted,TRUE
4424d841-7a8f-4646-842e-4473be31b550,species,Animalia,t0049952,Bathyclupea argentea,Neobathyclupea argentea,accepted,FALSE
cb3461a3-6a9f-451b-9e03-189d80354931,species,Animalia,t0033387,Thryssa chefuensis,Thrissina chefuensis,accepted,TRUE
c026f5c8-76ef-495b-9372-51696f8d9b57,species,Animalia,t0033388,Thryssa dussumieri,Thrissina dussumieri,accepted,TRUE
3f59a1f3-60d6-4a18-9670-3d029c2938dc,species,Animalia,t0033389,Thryssa hamiltonii,Thrissina hamiltonii,accepted,FALSE
a49cd266-442a-462b-8a8d-42b6d52486b6,species,Animalia,t0033391,Thryssa setirostris,Thrissina setirostris,accepted,TRUE
57e59748-b7ca-49f0-826f-37370e3a32f0,species,Animalia,t0028139,Myctophum asper,Dasyscopelus asper,accepted,TRUE
e7a640ac-e23f-40d5-9f0e-48d50ffe39c6,species,Animalia,t0028140,Myctophum obtusirostris,Dasyscopelus obtusirostris,accepted,TRUE
1c34c111-aaca-426c-896f-59450ded450c,species,Animalia,t0079411,Corvus dauuricus,Coloeus dauuricus,accepted,TRUE
20363a3c-1e5c-4162-a830-67fe4e451174,species,Animalia,t0099755,Accipiter badia,Tachyspiza badia,accepted,TRUE
b6df16d7-59fa-4d02-bb4b-905d2dd69c5f,species,Animalia,t0065021,Haliaeetus leucogaster,Icthyophaga leucogaster,accepted,TRUE
aafb6332-190b-4cc6-ab49-27acef3386b4,species,Animalia,t0122139,Ara chloropterus,Ara chloroptera,accepted,TRUE
d4a4a2b6-f048-4c30-8c44-1988a7134784,species,Animalia,t0037535,Python reticulatus,Malayopython reticulatus,accepted,TRUE
68b9e86e-d9de-4e68-aae4-b3c098edb251,species,Animalia,t0031625,Parmaturus melanobranchus,Dichichthys melanobranchus,accepted,TRUE
2b372471-f5c1-46fd-8db4-1cda4ca4bca6,species,Animalia,t0048593,Venus toreuma,Globivenus toreuma,accepted,TRUE
c83d91ca-22a2-446f-b03e-bcbf0f45e7e7,species,Animalia,t0038109,Sanguinolaria diphos,Hiatula diphos,accepted,TRUE
14cccbb5-9032-4529-814f-0d547f8f6f9c,species,Animalia,t0078228,Chlamys squamea,Scaeochlamys squamea,accepted,TRUE
ab7d41fa-7bbc-46dd-bee2-79380077f46d,species,Animalia,t0061207,Delectopecten fluctuatus,Ciclopecten fluctuatus,accepted,TRUE
16e52ca3-62df-486e-b34a-c74cda43a10d,species,Animalia,t0066900,Laternula liautaudi,Parilaternula liautaudi,accepted,FALSE
db7cbf8a-a0c7-4e31-93a9-bc9cdcd69b86,species,Animalia,t0066902,Laternula spengleri,Exolaternula spengleri,accepted,TRUE
513997ed-bd65-4e11-84dc-d2f49f638017,species,Animalia,t0029932,Brachidontes striatulus,Byssogerdius striatulus,accepted,FALSE
43a2b489-1d7f-46cb-9dcf-ca2aa3f1e350,species,Animalia,t0064374,Gemmula deshayesii,Unedogemmula deshayesii,accepted,TRUE
485d2995-9adb-42cf-b3cd-d95918509017,species,Animalia,t0096799,Drupa ricinus,Sistrum ricinus,accepted,TRUE
a8e5f24a-9aba-49f2-bf4f-1a1af8644287,species,Animalia,t0102722,Cerithidea pupiformis,Pirenella pupiformis,accepted,TRUE
843cff6c-04d7-4bda-b029-dfba8abeb6a2,species,Animalia,t0080330,Modulus tectum,Indomodulus tectum,accepted,TRUE
5c8367fb-aff5-4c39-bb2f-142f740e63d5,species,Animalia,t0081518,Neritina violaceum,Neripteron violaceum,accepted,TRUE
8e92e329-637d-4b0c-b1e3-9122d7ab9463,species,Animalia,t0065608,Hippeutis (Helicorbis),Hippeutis (Helicorbis) umbilicalis,accepted,TRUE
5323e024-890a-4df4-9a4f-2605c8e33d41,species,Animalia,t0065607,Hippeutis cantori,Helicorbis cantori,accepted,TRUE
c0659b0a-f54a-466f-a688-a9548bb3152a,species,Animalia,t0046163,Agoniella sonani,Agonia sonani,accepted,TRUE
7496a820-f3f4-4700-ac80-2c12a490c1ba,species,Animalia,t0078993,Temnaspis sauteri,Colobaspis sauteri,deleted,TRUE
2c4bb590-be26-4216-b1de-e0d1b6e7e8e6,species,Animalia,t0065094,Halticorcus smetanai,Schenklingia smetanai,accepted,TRUE
3f322a06-6402-4947-b1a6-85967ca3289f,species,Animalia,t0078167,Chirozetes formosanus,Mesochirozetes formosanus,accepted,TRUE
f29c9bed-110b-4845-8ed3-5a05559b67f4,species,Animalia,t0070417,Aeolesthes oenochrous,Hemadius oenochrous,accepted,TRUE
d151db81-22a9-45e9-8733-963c25a5cb42,species,Animalia,t0037037,Pseudokamikiria gressitti,Notomulciber gressitti,accepted,TRUE
fb9c012a-a208-417c-82fa-b88f10c3e675,species,Animalia,t0068259,Macroilleis hauser,Macroailleis hauser,accepted,TRUE
5e9e2f9c-fe04-4e79-beda-67ecae7d0ad8,species,Animalia,t0071958,Aphodius reichei,Gilletianus reichei,accepted,FALSE
37e20424-7254-48ad-8d89-cb7c91e27eee,species,Animalia,t0061969,Dorcus parvulus,Metallactulus parvulus,accepted,TRUE
76750196-649a-400f-af58-8e55798ccfe3,species,Animalia,t0068257,Macrohyliota cryptolucidus,Megahyliota cryptolucidus,accepted,TRUE
338da9f7-7478-479d-bac2-e24a4efaffd1,species,Animalia,t0048121,Trox formosanus,Glyptotrox formosanus,accepted,TRUE
979317bf-c2fd-4cf3-b97c-418e76228749,species,Animalia,t0048122,Trox taiwanus,Glyptotrox taiwanus,accepted,TRUE
ed4ab023-c30d-4d4a-9f62-c2ae49d3dba0,species,Animalia,t0048123,Trox tibialis,Glyptotrox tibialis,accepted,TRUE
7cc72108-0dcf-49f3-8a97-23bca7d85ad9,species,Animalia,t0048124,Trox yangi,Glyptotrox yangi,accepted,TRUE
01044a3e-1e17-4659-a198-1df4935ca379,species,Animalia,t0029680,Hilarographa mesostigmatias,Thaumatographa mesostigmatias,accepted,TRUE
3cf4abe9-6fd8-408e-ac18-297993f39e4d,species,Animalia,t0051014,Euproctis croceola,Toxoproctis croceola,accepted,TRUE
4d218faa-8d8f-4389-8d9d-7ad58ac9d8f2,species,Animalia,t0051037,Euproctis taiwana,Orvasca taiwana,accepted,TRUE
8187038b-4744-4505-a2c7-4d8c90042613,species,Animalia,t0031255,Olene dudgeoni,Cyclomacula dudgeoni,accepted,TRUE
a0810129-a60d-42fa-9b7f-25297bea7d21,species,Animalia,t0031257,Olene suisharyonis,Cyclomacula suisharyonis,accepted,TRUE
26e98a5d-6b67-4c39-b09a-4961522713c4,species,Animalia,t0055866,Pollanista inconspicua,Inope inconspicua,accepted,TRUE
fdb8a78c-686f-4b8f-81ef-1ec9c3648ed9,species,Animalia,t0050432,Conobathra aphidivora,Dipha aphidivora,accepted,TRUE
72f0125c-34ec-49b5-a64f-fc1aceb16c54,species,Animalia,t0049580,Agrotera leucostola,Leucinodella leucostola,accepted,TRUE
57f06f39-b309-48e7-b2fe-703ff931b26d,species,Animalia,t0056267,Sinibotys habisalis,Nephelobotys habisalis,accepted,TRUE
30655fe3-fb46-45a5-9515-d50771fcef1b,species,Animalia,t0033443,Torulisquama evenoralis,Nephelobotys evenoralis,accepted,TRUE
98f5e734-d268-42fd-8242-07aaabd4d3bc,species,Animalia,t0055831,Platyptilia shirozui,Amblyptilia shirozui,accepted,TRUE
d5c65d0f-b72a-42d8-a942-0e9efddc97d7,species,Animalia,t0052337,Palionebris bacteriota,Trachydora bacteriota,accepted,TRUE
fc851ca1-0d8a-4212-a8d3-8bd9321eace2,species,Animalia,t0051294,Haplotinea subochraceella,Edosa subochraceella,accepted,TRUE
3ff05c47-c046-48e1-bee5-d786aec88eb1,species,Animalia,t0033527,Acia exsultans,Helionides exsultans,accepted,TRUE
f6fa8f2d-f783-48cc-bba1-af2dd4b0eea1,species,Animalia,t0062845,Epiacanthus aurantia,Pagaronia aurantia,accepted,FALSE
acad3e7f-0ad4-4923-b067-95ecd174e6f3,species,Animalia,t0028635,Nesophrosyne orientalis,Orosius orientalis,accepted,TRUE
18ae7578-b95c-484a-94d1-89abd5607377,species,Animalia,t0028648,Zygina bisignatella,Empoascanara bisignatella,accepted,TRUE
31f0009a-6fd2-40de-ad21-25b004aaa024,species,Animalia,t0068650,Megacoelum minutum,Adelphocorisella minutum,accepted,TRUE
030412b1-daab-42b7-83ad-af552f117586,species,Animalia,t0081260,Neolygus bui,Miyamotolygus bui,accepted,TRUE
d171e6b6-a482-48f6-9d74-229a65bf4e16,species,Animalia,t0039705,Stenotus longiceps,Zalmunna longiceps,accepted,TRUE
73dc771a-08b5-4c73-a614-280c6df4b63b,species,Animalia,t0070119,Aconura biglumis,Changwhania biglumis,accepted,TRUE
d74b5d76-ee61-4c78-a4fc-bf0bc7bb01af,species,Animalia,t0070120,Aconura indrus,Stirellus indrus,accepted,TRUE
9eabc701-c0e0-4e8f-9f4e-f05753eda713,species,Animalia,t0099771,Aconura breviceps,Stirellus breviceps,accepted,TRUE
6de875fd-0fb1-4ffa-8153-710613f40a87,species,Animalia,t0070122,Aconura grandis,Stirellus grandis,accepted,TRUE
77b0612d-23b0-4cbb-b7f9-073465c085bc,species,Animalia,t0070123,Aconura productus,Stirellus productus,accepted,TRUE
9732bedb-686d-4d63-be14-f1dc40a20bd1,species,Animalia,t0070124,Aconura rubrolineatus,Stirellus rubrolineatus,accepted,TRUE
737b1253-e478-4c6b-b6d1-9e0a2ee6b7d7,species,Animalia,t0078458,Cicadula bipunctata,Cicadulina bipunctata,accepted,TRUE
411f2178-282a-4444-9ec5-bf46ed29f41c,species,Animalia,t0061224,Deltocephalus candidus,Futasujinus candidus,accepted,TRUE
a5512012-d4c3-4997-87c5-c5c7ba5526a2,species,Animalia,t0061226,Deltocephalus tezuyae,Takagiella tezuyae,accepted,TRUE
c7cf65c8-56b3-4fb1-b6b3-96bef4757345,species,Animalia,t0061966,Doratulina prolixa,Aconurella prolixa,accepted,TRUE
c753d7dd-f729-44eb-97de-9c9472cf2fd6,species,Animalia,t0066330,Irinula erythrocephala,Nesoclutha erythrocephala,accepted,TRUE
6a624dff-35a0-49eb-b467-9fd83c77b7c3,species,Animalia,t0068877,Melichariella formosana,Carvaka formosana,accepted,TRUE
ba2c31ee-87b9-4d98-a131-a9da4ae2df52,species,Animalia,t0037431,Purpuranus rubrostriata,Varta rubrostriata,accepted,TRUE
a37370cf-2cdb-4776-ab72-de37e3732012,species,Animalia,t0047216,Thamnotettix formosana,Alishania formosana,accepted,TRUE
6bfd363a-cb45-4299-9e87-48c716e5ebe3,species,Animalia,t0047217,Thamnotettix hokutonis,Peitouellus hokutonis,accepted,TRUE
74956bb6-69d4-4241-856b-2b7fbf69dad7,species,Animalia,t0047219,Thamnotettix koshunensis,Hengchunia koshunensis,accepted,TRUE
e7ae91ad-13a9-4f2b-9a36-ca4324575d3c,species,Animalia,t0047222,Thamnotettix wanrianus,Wanritettix wanrianus,accepted,TRUE
115f449e-dd4b-46c5-84d3-bd765629e367,species,Animalia,t0047301,Thomsoniella porrecta,Thomsonia porrecta,accepted,TRUE
c5ae4812-bace-4be9-9dd4-b19d6ff0215c,species,Animalia,t0082097,Oliarus formosanus,Siniarus formosanus,accepted,TRUE
5b733cfc-1ac8-4a33-9c0a-9ce015aa12b1,species,Animalia,t0082099,Oliarus harishanus,Atretus harishanus,accepted,TRUE
a2e49a27-85b1-4fae-ad16-c703120d446d,species,Animalia,t0082098,Oliarus hopponis,Arosinus hopponis,accepted,TRUE
8c2300c6-6bfd-4364-afd1-c638c6e2aa02,species,Animalia,t0082100,Oliarus hsui,Atretus hsui,accepted,TRUE
64b727f8-7661-402c-a2dc-07d1da386997,species,Animalia,t0082101,Oliarus oryzae,Oteana oryzae,accepted,TRUE
a34edf23-2b54-4fa0-b48e-b201528fc5cf,species,Animalia,t0082102,Oliarus scalenus,Siniarus scalenus,accepted,TRUE
73d4019a-1044-403b-a40e-f9661ca8620f,species,Animalia,t0082103,Oliarus shiaoi,Atretus shiaoi,accepted,TRUE
d32539a6-df57-4c4e-af33-72ba65a87537,species,Animalia,t0082106,Oliarus velox,Arosinus velox,accepted,TRUE
01007098-6ad3-48fe-82ea-4c5f18d82bd4,species,Animalia,t0082107,Oliarus yangi,Atretus yangi,accepted,TRUE
cd7e938b-92ae-43d0-9e0c-9f52a4caf6fd,species,Animalia,t0032527,Ricania fumosa,Trigonrecava fumosa,accepted,TRUE
c4d8e432-544d-460a-86ca-615d29dab5b6,species,Animalia,t0037908,Ricania taeniata,Trigonrecava taeniata,accepted,TRUE
d784785a-ee47-4b59-86e1-d420279d1d94,species,Animalia,t0028638,Evacanthus formosanus,Onukiades formosanus,accepted,TRUE
894aadc7-15c2-49f6-b8fe-c8938bd2dba1,species,Animalia,t0028639,Onukia arisana,Paraonukia arisana,accepted,TRUE
182ef78f-52c7-48cb-839b-3f5628633780,species,Animalia,t0028643,Onukia flavomaculatus,Bentus flavomaculatus,accepted,TRUE
c863b4d9-8c0d-4a5e-87c2-5bb343601fb4,species,Animalia,t0065221,Hecalus formosanus,Glossocratus formosanus,accepted,TRUE
d31c2e13-18eb-4334-b77a-bb834b3d5e32,species,Animalia,t0065222,Hecalus lefroyi,Glossocratus lefroyi,accepted,TRUE
415052f3-304c-4334-9aaa-982c6598f37f,species,Animalia,t0082976,Parabolocratus nitobei,Thomsonia nitobei,accepted,TRUE
7ca55d33-ee29-44ca-84d2-01de452cca2c,species,Animalia,t0039647,Stenometopius formosanus,Hodoedocus formosanus,accepted,TRUE
81e6ee14-54e0-42b3-b528-1fcc0942085f,species,Animalia,t0081543,Nesoselandria formosana,Corrugia formosana,accepted,TRUE
a3563d82-590e-48d3-a8f1-18d79604f9d9,species,Animalia,t0076750,Bracon hispae,Scutibracon hispae,accepted,TRUE
8072fd25-ccb2-486e-b5f3-f2c2914cb3aa,species,Animalia,t0070377,Aedes lineatopennis,Neomelaniconion lineatopenne,accepted,TRUE
9f9ae253-2519-40b3-8da2-6f10cab00d67,species,Animalia,t0102400,Aedes albolineatus,Scutomyia albolineata,deleted,TRUE
af1f784a-8810-41c8-804c-ab1995500f10,species,Animalia,t0070378,Aedes malikuli,Stegomyia malikuli,accepted,TRUE
821d19cc-41c9-43f1-82f5-e459b359dbeb,species,Animalia,t0081937,Ochlerotatus sinensis,Downsiomyia sinensis,accepted,TRUE
4150a3f5-6e09-4b45-a46a-1704a84ba381,species,Animalia,t0079812,Culicoides arakawai,Culicoides arakawae,accepted,TRUE
e9d7a4a9-28d8-4462-8912-2786ea3215c8,species,Animalia,t0071199,Amobina oculata,Amobia oculata,accepted,TRUE
d3d012a0-e28e-4e8f-bd20-575de93b437f,species,Animalia,t0065170,Harpagophalla phoenicopterus,Seniorwhitea phoenicopterus,accepted,TRUE
0f3128c7-bd31-4a1e-bdc0-1052501d8dfe,species,Animalia,t0037273,Pterella fasciata,Protomiltogramma fasciata,accepted,FALSE
0bf4773f-e79d-448b-9f19-39bb5d822d1c,species,Animalia,t0032587,Sarcophaga albiceps,Parasarcophaga albiceps,accepted,TRUE
38ca38ee-5a4f-4f55-b8ae-57ea59dce4be,species,Animalia,t0038168,Sarcophaga anchoriformis,Robineauella anchoriformis,accepted,TRUE
9ebf7a69-c897-44b6-888f-374567ec67a8,species,Animalia,t0038169,Sarcophaga antilope,Sarcorohdendorfia antilope,accepted,TRUE
3bd77c17-0f6c-496b-85d0-09558c229909,species,Animalia,t0038170,Sarcophaga basiseta,Hoa basiseta,accepted,TRUE
d581d404-8104-4ad2-b77f-c15a003adc49,species,Animalia,t0038171,Sarcophaga beesoni,Lioproctia beesoni,accepted,TRUE
afc0b6e2-ec38-4598-b347-30f696c8d5b5,species,Animalia,t0038172,Sarcophaga kohla,Liosarcophaga kohla,accepted,TRUE
f9d12da3-874f-4926-bf71-25f7c7494673,species,Animalia,t0038173,Sarcophaga calicifera,Asceloctella calicifera,accepted,TRUE
1410098f-4af4-4cba-9fae-a45f0abe479d,species,Animalia,t0038174,Sarcophaga caudagalli,Pseudothyrsocnema caudagalli,accepted,TRUE
cc113da1-63fb-459c-a17f-8baad50dd603,species,Animalia,t0038176,Sarcophaga concreata,Parasarcophaga concreata,accepted,TRUE
b01f0eb6-b917-40d4-993e-898e072d84b1,species,Animalia,t0032588,Sarcophaga crinita,Sarcosolomonia crinita,accepted,TRUE
52fab617-1cac-4ca4-af6d-0d496e2efafb,species,Animalia,t0032589,Sarcophaga dux,Liosarcophaga dux,accepted,TRUE
2ef88e11-0c91-41a4-a56d-9cf82ab5df60,species,Animalia,t0038177,Sarcophaga fenchihuensis,Sugiyamamyia fenchihuensis,accepted,TRUE
abd46257-4ac7-469b-b1f5-f808b886b9bf,species,Animalia,t0038178,Sarcophaga formosensis,Boettcherisca formosensis,accepted,TRUE
8d139a43-4d0f-4a46-859c-b082ceac7faa,species,Animalia,t0038179,Sarcophaga gracilior,Sarcorohdendorfia gracilior,accepted,TRUE
cb595dfe-98ad-45a0-be1e-5b011a4f8589,species,Animalia,t0038180,Sarcophaga gravelyi,Phallosphaera gravelyi,accepted,TRUE
f77e3ff4-174e-4389-b227-64b1a3ca22c4,species,Animalia,t0038181,Sarcophaga hainanensis,Parasarcophaga hainanensis,accepted,TRUE
78d9562b-bc01-47bf-8fe6-2d3890150b54,species,Animalia,t0038182,Sarcophaga hervebazini,Parasarcophaga hervebazini,accepted,TRUE
ab79e586-2b3f-4943-8d2e-d6450bcbe587,species,Animalia,t0038183,Sarcophaga idmais,Liosarcophaga idmais,accepted,TRUE
7908aa41-113f-4726-8c26-bf754436d442,species,Animalia,t0038185,Sarcophaga iwuensis,Liosarcophaga iwuensis,accepted,TRUE
db6edce1-b115-41f4-8926-c44c25c14247,species,Animalia,t0032590,Sarcophaga josephi,Bellieriomima josephi,accepted,TRUE
35dec07f-a285-49a7-aa62-742ce3bddd14,species,Animalia,t0038186,Sarcophaga princeps,Seniorwhitea princeps,accepted,TRUE
4c72dd87-228d-4a0f-a41f-8f4b91b88606,species,Animalia,t0038187,Sarcophaga lini,Myorhina lini,accepted,TRUE
1f28d994-f9d3-45c1-880b-ee70a5b6c9aa,species,Animalia,t0038188,Sarcophaga melanura,Helicophagella melanura,accepted,TRUE
c77e54f0-0096-4df6-b512-71aa78f50116,species,Animalia,t0038189,Sarcophaga membranocorporis,Membranophalla membranocorporis,accepted,TRUE
85fcba59-9ab8-48f5-868d-bde02d219e47,species,Animalia,t0032591,Sarcophaga misera,Parasarcophaga misera,accepted,TRUE
976f2845-9e98-4b8f-a4ab-62f1b71d1735,species,Animalia,t0038190,Sarcophaga nigribasicosta,Dinemomyia nigribasicosta,accepted,TRUE
89c8c7b0-8d45-44fe-862b-920c875c2664,species,Animalia,t0038192,Sarcophaga ostindicae,Fengia ostindicae,accepted,TRUE
421622d4-b112-4fb0-ae8b-94340f22ba5e,species,Animalia,t0038193,Sarcophaga pattoni,Lioproctia pattoni,accepted,TRUE
000ecdb8-04b3-4722-96ca-a8b39c06145b,species,Animalia,t0032592,Sarcophaga peregrina,Boettcherisca peregrina,accepted,TRUE
2061701a-6969-4f14-91ad-8623c56ec05f,species,Animalia,t0038194,Sarcophaga prosballiina,Parathyrsocnema prosballiina,accepted,TRUE
11b6fa1b-3b81-47c4-8964-d727cfef32c7,species,Animalia,t0032593,Sarcophaga ruficornis,Liopygia ruficornis,accepted,TRUE
f188f9a8-7867-4ea5-a6f4-5695bf0a4bad,species,Animalia,t0038195,Sarcophaga schuetzei,Kramerea schuetzei,accepted,TRUE
02f198c8-3792-47de-bac3-163a291cad59,species,Animalia,t0038196,Sarcophaga scopariiformis,Liosarcophaga scopariiformis,accepted,TRUE
eccb53e6-1105-419e-8064-75f50c927f19,species,Animalia,t0032594,Sarcophaga taenionota,Parasarcophaga taenionota,accepted,TRUE
2905cb15-e4ca-40ac-9e72-5b41423c65c7,species,Animalia,t0032595,Sarcophaga serrata,Hosarcophaga serrata,accepted,TRUE
54d75cb7-0909-42b8-b0d9-833b02c981e2,species,Animalia,t0038197,Sarcophaga taiwanensis,Johnstonimyia taiwanensis,accepted,TRUE
7ec32710-dec9-48b7-beee-ae9841b6b705,species,Animalia,t0038198,Sarcophaga tristylata,Liosarcophaga tristylata,accepted,TRUE
79782ffc-7366-4c72-84b3-f1cdcec4f657,species,Animalia,t0038199,Sarcophaga tsengi,Sugiyamamyia tsengi,accepted,TRUE
ab2c9f79-e769-4ce4-90e8-0ed9999b2ac4,species,Animalia,t0038200,Sarcophaga tuberosa,Liosarcophaga tuberosa,accepted,TRUE
07e5d6ee-cf0d-4048-933e-16a986180662,species,Animalia,t0062461,Elephantomyia (Elephantomyia),Elephantomyia (Elephantomyia) luculenta,accepted,TRUE
8ce908ab-06eb-4702-b2d8-bfc6c1685c71,species,Animalia,t0062462,Elephantomyia (Elephantomyia),Elephantomyia (Elephantomyia) serotina,accepted,TRUE
86644044-f2b3-41f6-9c4b-2005408cdfe4,species,Animalia,t0083930,Phalacrotophora quardrimaculata,Phalacrotophora quadrimaculata,accepted,TRUE
45e2d73a-2c32-4a7f-b17a-c284615c4428,species,Animalia,t0083929,Phalacrotophora puncifrons,Phalacrotophora punctifrons,accepted,TRUE
bbca84f0-ff9c-4c50-afe0-adad9b17ce28,species,Animalia,t0071539,Anisogomphus koxingai,Euthygomphus koxingai,accepted,TRUE
f72c970e-717c-4598-9cda-0f5f60697d30,species,Animalia,t0077062,Calicnemis eximia,Calicnemia eximia,accepted,FALSE
09d65873-e37e-4e45-98bc-2f9a617ffc12,species,Animalia,t0079260,Copera ciliata,Pseudocopera ciliata,accepted,TRUE
01026e8a-5f3d-45c9-b4a9-a3fd5ccddb7d,species,Animalia,t0046932,Tenodera capitata,Epitenodera capitata,accepted,FALSE
042ddad2-58a1-42e6-a080-0cf42e9822ea,species,Animalia,t0061939,Dolophilodes minchiensis,Kisaura minchiensis,accepted,TRUE
a11c2482-f044-4bcd-8941-ab7749e8a616,species,Animalia,t0064475,Gibosia lucida,Flavoperla lucida,accepted,TRUE
c985a5bc-442d-4630-a6fb-a8f256b3f5ad,species,Animalia,t0062790,Eoxizicus taiwanensis,Xizicus taiwanensis,accepted,TRUE
3ea73087-38d8-4418-b5af-ec499e10cf05,species,Animalia,t0063570,Euscyrtus ogatai,Euscyrtodes ogatai,accepted,TRUE
bb72f03f-de08-441b-8756-a772bd23a3db,species,Animalia,t0048577,Velarifictorus koshunensis,Turanogryllus koshunensis,accepted,TRUE
d41f296c-4dd8-4112-bddd-378dec4d9ee4,species,Animalia,t0084233,Phryganogryllacris subrectis,Bicornisgryllacris subrectis,accepted,TRUE
34624f66-bf4d-44f8-9c3e-c62e035a1136,species,Animalia,t0031743,Periplaneta karnyi,Hobbitoblatta karnyi,accepted,TRUE
25a7a78f-e70b-4da8-9c9e-ef7cc325d8af,species,Animalia,t0103436,Periplaneta svenhedini,Arcicaulis svenhedini,accepted,TRUE
444c490d-0b37-4111-bb2e-0491a2f1edc1,species,Animalia,t0082914,Panorpa japonica,Mavropanorpa japonica,accepted,TRUE
894c15e8-5b35-4dad-84ea-dcb5d12fffb9,species,Animalia,t0082917,Panorpa longiramina,Wornorpa longiramina,accepted,TRUE
e3ed8bbe-d736-4b6f-875b-715acaaeb5d4,species,Animalia,t0082920,Panorpa nudiramus,Wornorpa nudiramus,accepted,TRUE
9d92c99a-81d5-436c-8afb-8cfb2026d694,species,Animalia,t0082921,Panorpa ochraceocauda,Wornorpa ochraceocauda,accepted,TRUE
81fc643c-9c1f-4dc5-b3f0-a5003e11abcf,species,Animalia,t0082924,Panorpa peterseana,Wornorpa peterseana,accepted,TRUE
39bff950-e5d7-4720-93e3-9af42e241688,species,Animalia,t0039227,Sipyloidea okunii,Otraleus okunii,accepted,TRUE
0ad67ca9-33e3-48e9-a059-eae5fc80f501,species,Animalia,t0076307,Bathyphantes tongluensis,Wuliphantes tongluensis,accepted,FALSE
7b675d44-5433-4df3-b30a-4567eb668853,species,Animalia,t0081240,Neolinyphia nigripectoris,Ketambea nigripectoris,accepted,FALSE
8aacd5f2-f294-4e27-ba0a-3b42ad7e80a6,species,Animalia,t0081956,Ocrisiona frenata,Kelawakaju frenata,accepted,FALSE
