TT_taxonUUID,TT_taxonRank,TT_kingdom,TT_taiCOLNameCode,TT_simplifiedScientificName,TC_rank,TC_kingdom,TC_simple_name,TC_taxon_status,TC_is_in_taiwan
49e7c14b-438f-4952-ac66-363d498040e1,order,Animalia,t0001800,Poecilostomatoida,order,Animalia,Cyclopoida,accepted,TRUE
05afcbaa-57cc-475b-aaa2-84f847a81a6a,order,Animalia,t0002132,Scalpelliiformes,order,Animalia,Scalpellomorpha,accepted,TRUE
3ecc15e1-356d-430c-8f26-83196453a7de,order,Animalia,t0001934,Lepadiformes,superfamily,Animalia,Lepadoidea,accepted,TRUE
7598d2d0-e427-486a-b775-21fdec16afb5,order,Animalia,t0001930,Lampridiformes,order,Animalia,Lampriformes,accepted,TRUE
25341c2d-9242-49b3-b8f4-42b242fd2d2e,order,Animalia,t0002002,Mytiloida,order,Animalia,Mytilida,accepted,TRUE
f6aea42e-f8a5-482b-89aa-57bab7b3b3c7,family,Animalia,t0136374,Phonognathidae,subfamily,Animalia,Phonognathinae,accepted,FALSE
aab869af-3661-47da-bf86-86f2a9220067,family,Animalia,t0004191,Urocteidae,family,Animalia,Oecobiidae,accepted,TRUE
f1074b32-b17c-4a10-b5c0-21717b28b7d4,family,Animalia,t0004083,Archaeobalanidae,family,Animalia,Balanidae,accepted,TRUE
2d9c8b72-3c4d-489d-8ad7-99a5f6ff85b2,family,Animalia,t0004013,Oxynaspididae,family,Animalia,Poecilasmatidae,accepted,TRUE
c88f6db5-38e5-4d71-8840-9560272e1dc4,family,Animalia,t0005832,Diplophidae,subfamily,Animalia,Diplophinae,accepted,TRUE
1f990f65-b360-43c9-ab2c-2e7ec9b1917d,genus,Animalia,t0012329,Cosell,genus,Animalia,Cosella,accepted,TRUE
2e733415-0075-49ea-b5b1-1203b3d59efd,genus,Animalia,t0021530,Lariniaria,genus,Animalia,Larinia,accepted,TRUE
d20f865f-92f1-4027-b466-9c56df747dc6,genus,Animalia,t0021530,Lipocrea,genus,Animalia,Larinia,accepted,TRUE
ff2ea52c-1d12-413f-8472-d3e347364221,genus,Animalia,t0015639,Takachihoa,genus,Animalia,Pycnaxis,accepted,TRUE
72bb4713-6919-47ab-99a3-ab280038b6c2,genus,Animalia,t0018261,Pseudotriaeris,genus,Animalia,Xyphinus,accepted,TRUE
02531bda-5ccf-4287-9b3d-51f0980929bf,genus,Animalia,t0016383,Pakawops,genus,Animalia,Siamspinops,accepted,TRUE
7ca06c8f-84fd-435e-b8ce-d1469db9f4ef,genus,Animalia,t0011732,Eutittha,genus,Animalia,Cheiracanthium,accepted,TRUE
1cc3b16c-5a5c-4213-a214-4c5073be663b,genus,Animalia,t0092379,Falcileptoneata,genus,Animalia,Falcileptoneta,accepted,TRUE
9d26f14f-02da-4596-8b48-5ff0b51efaad,genus,Animalia,t0009778,Aponomma,genus,Animalia,Amblyomma,accepted,TRUE
58d96355-7f02-4682-8cc5-b99ccf6bbf46,genus,Animalia,t0014331,Peuaeus,genus,Animalia,Penaeus,accepted,TRUE
9e8fa204-31c2-4cab-a221-435803e79287,genus,Animalia,t0011753,Cheloniba,genus,Animalia,Chelonibia,accepted,TRUE
4eeb1d83-39f4-4f27-a614-a618924a575a,genus,Animalia,t0019151,Melophus,genus,Animalia,Emberiza,accepted,TRUE
d7f255c4-e0b0-47ed-92d1-bdd324b75a83,genus,Animalia,t0013635,Orthriophis,genus,Animalia,Elaphe,accepted,TRUE
aa4db525-a5f4-4988-8515-1aaa73abd4d6,genus,Animalia,t0021950,Symphyllia,genus,Animalia,Lobophyllia,accepted,TRUE
9f6903db-461a-4f45-ad5e-23ff84ab01ec,genus,Animalia,t0011480,Caulastrea,genus,Animalia,Caulastraea,accepted,TRUE
6517e621-ed85-4e63-98b2-e371358e4bc0,genus,Animalia,t0015036,Pompholys,genus,Animalia,Pompholyx,accepted,TRUE
dea51676-679b-4744-a484-6eb566806f62,family,Animalia,t0004134,Nemobiidae,subfamily,Animalia,Nemobiinae,accepted,TRUE
981a465c-16ad-455d-a342-9334084373b6,genus,Animalia,t0014139,Strangaliella,genus,Animalia,Parastrangalis,accepted,TRUE
780ef936-c226-4f07-a9ab-ec9346c8455a,genus,Animalia,t0009646,Alesia,genus,Animalia,Micraspis,accepted,TRUE
d2bba599-d2f6-4296-8a0a-942a59dfafa2,genus,Animalia,t0009646,Verania,genus,Animalia,Micraspis,accepted,TRUE
d5a83005-3ebf-4ef6-8dbc-629473a90d0b,genus,Animalia,t0016418,Silvanophus,genus,Animalia,Silvanoprus,accepted,TRUE
79b7b7f8-b98e-46cb-bec2-d5b7583edd0a,genus,Animalia,t0015501,Pseudoxyroptila,genus,Animalia,Pseudoxyroptilatila,accepted,TRUE
24ab3ac7-3aa9-4386-8689-cbfb2d943216,genus,Animalia,t0013815,Palionebris,genus,Animalia,Trachydora,accepted,TRUE
fa240400-c653-43e6-bec6-dc3a95e86e5c,genus,Animalia,t0012742,Namatopogon,genus,Animalia,Nematopogon,accepted,TRUE
6807e765-4c1c-488e-b857-8713729b6dcd,genus,Animalia,t0017666,Triantennaria,genus,Animalia,Tripartita,accepted,TRUE
b3070d75-42ed-49dc-926f-98bb5ae7da18,genus,Animalia,t0016069,Sarcotakaops,genus,Animalia,Sarcophaga,accepted,TRUE
d0e5d24d-1e18-45b0-90e9-6cc44cb2ed95,genus,Animalia,t0021822,Limnophlia,genus,Animalia,Limnophila,accepted,TRUE
20f10778-cd2c-46d9-b6d0-9003539c4ba3,genus,Animalia,t0016902,Stronglyophthalmyia,genus,Animalia,Strongylophthalmyia,accepted,TRUE
78dd95bc-1847-465e-9451-a3aff3275875,genus,Animalia,t0006932,Cutilia,genus,Animalia,Melanozosteria,accepted,TRUE
ca718211-ab90-4a06-8a63-c3943e1896ea,species,Animalia,t0062213,Ebrechtella forcipata,species,Animalia,Ebelingia forcipata,accepted,FALSE
dca7f9d6-781e-4445-abd9-587df5039c75,species,Animalia,t0057753,Argyrodes miniaceus,species,Animalia,Famakytta miniaceus,accepted,TRUE
57dc7b42-ee6d-4b2a-994a-fdc14c17de97,species,Animalia,t0072216,Argyrodes lanyuensis,species,Animalia,Rhinoliparus lanyuensis,accepted,TRUE
f8f233cf-d4c5-4e92-865a-c654f0839246,species,Animalia,t0078427,Chrysso trimaculata,species,Animalia,Physcoa trimaculata,accepted,TRUE
400565a3-b9cd-4036-87c4-9adfb03cf713,species,Animalia,t0097706,Chrysso scintillans,species,Animalia,Physcoa scintillans,accepted,TRUE
d42b79de-8cc3-4c58-af5d-65cc37794e4e,species,Animalia,t0029177,Faiditus xiphias,species,Animalia,Rhinocosmetus xiphias,accepted,TRUE
860301c1-91be-4f36-a4a8-69d45d93a712,species,Animalia,t0028573,Yaginumena mutilata,species,Animalia,Lasaeola mutilata,accepted,TRUE
ef26fc6f-1ac6-48d2-97b6-d5cb6c9598a7,species,Animalia,t0078422,Chrysso bimaculata,species,Animalia,Megama bimaculata,accepted,TRUE
7644e723-a9a8-4488-a409-32ecf5adbbea,species,Animalia,t0061744,Dipoena pelorosa,species,Animalia,Gushangzao pelorosa,accepted,TRUE
f8d0200f-84f5-4259-af12-d1b3bb8b4e17,species,Animalia,t0027661,Lycosa coelestis,species,Animalia,Erranticosa coelestis,accepted,TRUE
2a4ff497-e8ed-4ebc-9e10-97767cd492a6,species,Animalia,t0031024,Dictyna felis,species,Animalia,Shikibutyna felis,accepted,TRUE
66eca753-5f9a-48c7-b908-199722e9998d,species,Animalia,t0078788,Clubiona Kayashimai,species,Animalia,Femorbiona Kayashimai,accepted,TRUE
8491828c-9e4a-476d-8c38-98ae707baa96,species,Animalia,t0068321,Macrothele taiwanensis,species,Animalia,Vacrothele taiwanensis,accepted,TRUE
532bcc07-5f4c-4472-92c3-5fc4353e9563,species,Animalia,t0080849,Mysmena taiwanica,species,Animalia,Chimena taiwanica,accepted,TRUE
3361925a-e3ac-405f-a5f7-4d40ded7244e,species,Animalia,t0079949,Cyclodius granulosus,species,Animalia,Phymodius granulosus,accepted,TRUE
9862ee1a-3fd2-4e8e-a3a6-796158c15d09,species,Animalia,t0033342,Thalamita demani,species,Animalia,Trierarchus demani,accepted,TRUE
472c5733-a048-4d8e-b2b5-b84c5fd0e631,species,Animalia,t0065237,Heikea japonica,species,Animalia,Heikeopsis japonica,accepted,TRUE
74ad851c-784c-4019-8825-fa48baf7c1cb,species,Animalia,t0037872,Rhynchocinetes hendersoni,species,Animalia,Cinetorhynchus hendersoni,accepted,TRUE
c209c92e-4ebd-4d87-96c3-ea7e025fc14e,species,Animalia,t0046238,Totanus taiwanicus,species,Animalia,Tortanus taiwanicus,accepted,TRUE
2c31343a-7332-4a38-8124-d7be6d1ed89c,species,Animalia,t0047600,Totanus spinicaudatus,species,Animalia,Tortanus spinicaudatus,accepted,TRUE
fb2ac646-5754-4e70-9faf-cd545fee033e,species,Animalia,t0047601,Totanus vermiculus,species,Animalia,Tortanus vermiculus,accepted,TRUE
58c33ae0-c5c9-4212-995f-758db3923dd9,species,Animalia,t0047591,Totanus barbatus,species,Animalia,Tortanus barbatus,accepted,TRUE
d53c6ced-1cd2-4167-a26d-74b256ced1f8,species,Animalia,t0047595,Totanus forcipatus,species,Animalia,Tortanus forcipatus,accepted,TRUE
0fcb3c6c-fb8d-4f0c-ac42-28a00a708c68,species,Animalia,t0047596,Totanus gracilis,species,Animalia,Tortanus gracilis,accepted,TRUE
d62cadfe-a265-4f83-a4a9-1c6b4aeac149,species,Animalia,t0047592,Totanus denticulata,species,Animalia,Tortanus denticulata,accepted,TRUE
0b80b00e-c140-4a92-b758-7774d27fc5b2,species,Animalia,t0030930,Dendrochirus biocellatus,species,Animalia,Nemapterois biocellatus,accepted,TRUE
0233dc43-b5d4-48c1-b6da-4e51639f0a21,species,Animalia,t0032340,Pterois antennatus,species,Animalia,Pteropterus antennatus,accepted,TRUE
d4cab5bd-bf57-4cc1-b122-70430eb6def0,species,Animalia,t0056003,Pterois radiatus,species,Animalia,Pteropterus radiatus,accepted,TRUE
a11caee8-4ee6-4b3b-b8e4-925296309345,species,Animalia,t0056002,Pterois paucispinula,species,Animalia,Pteropterus paucispinula,accepted,TRUE
b110882c-ec87-4a71-9025-6ce8cab8f54d,species,Animalia,t0056214,Scorpaenodes crossotus,species,Animalia,Thysanichthys crossotus,accepted,TRUE
fb16b09b-9653-4c28-b90a-0a4afbab6bc8,species,Animalia,t0032812,Setarches longimanus,species,Animalia,Lythrichthys longimanus,accepted,TRUE
b77b7b07-7229-4a10-a0e1-c63f3b68ec1c,species,Animalia,t0030060,Calliurichthys izuensis,subspecies,Animalia,Callionymus persicus izuensis,accepted,TRUE
4424d841-7a8f-4646-842e-4473be31b550,species,Animalia,t0049952,Bathyclupea argentea,species,Animalia,Neobathyclupea argentea,accepted,FALSE
cb3461a3-6a9f-451b-9e03-189d80354931,species,Animalia,t0033387,Thryssa chefuensis,species,Animalia,Thrissina chefuensis,accepted,TRUE
c026f5c8-76ef-495b-9372-51696f8d9b57,species,Animalia,t0033388,Thryssa dussumieri,species,Animalia,Thrissina dussumieri,accepted,TRUE
3f59a1f3-60d6-4a18-9670-3d029c2938dc,species,Animalia,t0033389,Thryssa hamiltonii,species,Animalia,Thrissina hamiltonii,accepted,FALSE
a49cd266-442a-462b-8a8d-42b6d52486b6,species,Animalia,t0033391,Thryssa setirostris,species,Animalia,Thrissina setirostris,accepted,TRUE
57e59748-b7ca-49f0-826f-37370e3a32f0,species,Animalia,t0028139,Myctophum asper,species,Animalia,Dasyscopelus asper,accepted,TRUE
e7a640ac-e23f-40d5-9f0e-48d50ffe39c6,species,Animalia,t0028140,Myctophum obtusirostris,species,Animalia,Dasyscopelus obtusirostris,accepted,TRUE
1c34c111-aaca-426c-896f-59450ded450c,species,Animalia,t0079411,Corvus dauuricus,species,Animalia,Coloeus dauuricus,accepted,TRUE
20363a3c-1e5c-4162-a830-67fe4e451174,species,Animalia,t0099755,Accipiter badia,species,Animalia,Tachyspiza badia,accepted,TRUE
b6df16d7-59fa-4d02-bb4b-905d2dd69c5f,species,Animalia,t0065021,Haliaeetus leucogaster,species,Animalia,Icthyophaga leucogaster,accepted,TRUE
aafb6332-190b-4cc6-ab49-27acef3386b4,species,Animalia,t0122139,Ara chloropterus,species,Animalia,Ara chloroptera,accepted,TRUE
6a0bd750-3793-403c-abba-57fb49246e85,infraspecies,Animalia,t0085787,Botaurus flavicollis,subspecies,Animalia,Botaurus flavicollis flavicollis,accepted,TRUE
480cdaf0-aa28-44f4-b906-780e9aa7a52d,infraspecies,Animalia,t0102334,Streptopelia chinensis,subspecies,Animalia,Streptopelia chinensis chinensis,accepted,TRUE
fa561dd6-3909-42f3-9bc2-e4444c64c707,species,Animalia,t0009829,Amphiesma sp.,genus,Animalia,Amphiesma,accepted,TRUE
d4a4a2b6-f048-4c30-8c44-1988a7134784,species,Animalia,t0037535,Python reticulatus,species,Animalia,Malayopython reticulatus,accepted,TRUE
68b9e86e-d9de-4e68-aae4-b3c098edb251,species,Animalia,t0031625,Parmaturus melanobranchus,species,Animalia,Dichichthys melanobranchus,accepted,TRUE
2b372471-f5c1-46fd-8db4-1cda4ca4bca6,species,Animalia,t0048593,Venus toreuma,species,Animalia,Globivenus toreuma,accepted,TRUE
c83d91ca-22a2-446f-b03e-bcbf0f45e7e7,species,Animalia,t0038109,Sanguinolaria diphos,species,Animalia,Hiatula diphos,accepted,TRUE
14cccbb5-9032-4529-814f-0d547f8f6f9c,species,Animalia,t0078228,Chlamys squamea,species,Animalia,Scaeochlamys squamea,accepted,TRUE
ab7d41fa-7bbc-46dd-bee2-79380077f46d,species,Animalia,t0061207,Delectopecten fluctuatus,species,Animalia,Ciclopecten fluctuatus,accepted,TRUE
16e52ca3-62df-486e-b34a-c74cda43a10d,species,Animalia,t0066900,Laternula liautaudi,species,Animalia,Parilaternula liautaudi,accepted,FALSE
db7cbf8a-a0c7-4e31-93a9-bc9cdcd69b86,species,Animalia,t0066902,Laternula spengleri,species,Animalia,Exolaternula spengleri,accepted,TRUE
513997ed-bd65-4e11-84dc-d2f49f638017,species,Animalia,t0029932,Brachidontes striatulus,species,Animalia,Byssogerdius striatulus,accepted,FALSE
43a2b489-1d7f-46cb-9dcf-ca2aa3f1e350,species,Animalia,t0064374,Gemmula deshayesii,species,Animalia,Unedogemmula deshayesii,accepted,TRUE
485d2995-9adb-42cf-b3cd-d95918509017,species,Animalia,t0096799,Drupa ricinus,species,Animalia,Sistrum ricinus,accepted,TRUE
a8e5f24a-9aba-49f2-bf4f-1a1af8644287,species,Animalia,t0102722,Cerithidea pupiformis,species,Animalia,Pirenella pupiformis,accepted,TRUE
843cff6c-04d7-4bda-b029-dfba8abeb6a2,species,Animalia,t0080330,Modulus tectum,species,Animalia,Indomodulus tectum,accepted,TRUE
5c8367fb-aff5-4c39-bb2f-142f740e63d5,species,Animalia,t0081518,Neritina violaceum,species,Animalia,Neripteron violaceum,accepted,TRUE
071e2b93-feb0-4d32-a311-1c74ef1d27e5,species,Animalia,t0081812,Notoacmea boninensis,subspecies,Animalia,Notoacmea schrenckii boninensis,accepted,TRUE
8e92e329-637d-4b0c-b1e3-9122d7ab9463,species,Animalia,t0065608,Hippeutis (Helicorbis),species,Animalia,Hippeutis (Helicorbis) umbilicalis,accepted,TRUE
5323e024-890a-4df4-9a4f-2605c8e33d41,species,Animalia,t0065607,Hippeutis cantori,species,Animalia,Helicorbis cantori,accepted,TRUE
1831e137-2822-418c-9c1e-c47225a571e3,species,Animalia,t0079289,Coptodera taiwana,subspecies,Animalia,Coptodera flexuosa taiwana,accepted,TRUE
c0659b0a-f54a-466f-a688-a9548bb3152a,species,Animalia,t0046163,Agoniella sonani,species,Animalia,Agonia sonani,accepted,TRUE
7496a820-f3f4-4700-ac80-2c12a490c1ba,species,Animalia,t0078993,Temnaspis sauteri,species,Animalia,Colobaspis sauteri,deleted,TRUE
2c4bb590-be26-4216-b1de-e0d1b6e7e8e6,species,Animalia,t0065094,Halticorcus smetanai,species,Animalia,Schenklingia smetanai,accepted,TRUE
3f322a06-6402-4947-b1a6-85967ca3289f,species,Animalia,t0078167,Chirozetes formosanus,species,Animalia,Mesochirozetes formosanus,accepted,TRUE
f29c9bed-110b-4845-8ed3-5a05559b67f4,species,Animalia,t0070417,Aeolesthes oenochrous,species,Animalia,Hemadius oenochrous,accepted,TRUE
d151db81-22a9-45e9-8733-963c25a5cb42,species,Animalia,t0037037,Pseudokamikiria gressitti,species,Animalia,Notomulciber gressitti,accepted,TRUE
fb9c012a-a208-417c-82fa-b88f10c3e675,species,Animalia,t0068259,Macroilleis hauser,species,Animalia,Macroailleis hauser,accepted,TRUE
5e9e2f9c-fe04-4e79-beda-67ecae7d0ad8,species,Animalia,t0071958,Aphodius reichei,species,Animalia,Gilletianus reichei,accepted,FALSE
a254a7b4-9e79-4ff9-8a26-fab71b66cfd4,species,Animalia,t0061573,Dicronocephalus bourgoini,subspecies,Animalia,Dicronocephalus wallichii bourgoini,accepted,TRUE
b91366e8-8d5f-482e-b5fc-b178cc7a48b1,species,Animalia,t0105413,Cyclommatus asahinai,subspecies,Animalia,Cyclommatinus asahinai asahinai,deleted,TRUE
7ef0b59f-e630-419e-9636-1e4c19433a09,species,Animalia,t0028712,Dorcus mochizukii,subspecies,Animalia,Falcicornis pieli mochizukii,accepted,TRUE
37e20424-7254-48ad-8d89-cb7c91e27eee,species,Animalia,t0061969,Dorcus parvulus,species,Animalia,Metallactulus parvulus,accepted,TRUE
a2b4eb87-ea90-47f9-81e5-21f0dffd5dc7,species,Animalia,t0105414,Prosopocoilus formosanus,subspecies,Animalia,Miwanus formosanus formosanus,accepted,TRUE
76750196-649a-400f-af58-8e55798ccfe3,species,Animalia,t0068257,Macrohyliota cryptolucidus,species,Animalia,Megahyliota cryptolucidus,accepted,TRUE
faaa7f62-a740-40c3-abb7-aa4c65f7eef1,infraspecies,Animalia,t0085259,Anthicus quisguilius,subspecies,Animalia,Anthicus floralis quisguilius,accepted,TRUE
338da9f7-7478-479d-bac2-e24a4efaffd1,species,Animalia,t0048121,Trox formosanus,species,Animalia,Glyptotrox formosanus,accepted,TRUE
979317bf-c2fd-4cf3-b97c-418e76228749,species,Animalia,t0048122,Trox taiwanus,species,Animalia,Glyptotrox taiwanus,accepted,TRUE
ed4ab023-c30d-4d4a-9f62-c2ae49d3dba0,species,Animalia,t0048123,Trox tibialis,species,Animalia,Glyptotrox tibialis,accepted,TRUE
7cc72108-0dcf-49f3-8a97-23bca7d85ad9,species,Animalia,t0048124,Trox yangi,species,Animalia,Glyptotrox yangi,accepted,TRUE
01044a3e-1e17-4659-a198-1df4935ca379,species,Animalia,t0029680,Hilarographa mesostigmatias,species,Animalia,Thaumatographa mesostigmatias,accepted,TRUE
3cf4abe9-6fd8-408e-ac18-297993f39e4d,species,Animalia,t0051014,Euproctis croceola,species,Animalia,Toxoproctis croceola,accepted,TRUE
4d218faa-8d8f-4389-8d9d-7ad58ac9d8f2,species,Animalia,t0051037,Euproctis taiwana,species,Animalia,Orvasca taiwana,accepted,TRUE
8187038b-4744-4505-a2c7-4d8c90042613,species,Animalia,t0031255,Olene dudgeoni,species,Animalia,Cyclomacula dudgeoni,accepted,TRUE
a0810129-a60d-42fa-9b7f-25297bea7d21,species,Animalia,t0031257,Olene suisharyonis,species,Animalia,Cyclomacula suisharyonis,accepted,TRUE
26e98a5d-6b67-4c39-b09a-4961522713c4,species,Animalia,t0055866,Pollanista inconspicua,species,Animalia,Inope inconspicua,accepted,TRUE
fdb8a78c-686f-4b8f-81ef-1ec9c3648ed9,species,Animalia,t0050432,Conobathra aphidivora,species,Animalia,Dipha aphidivora,accepted,TRUE
72f0125c-34ec-49b5-a64f-fc1aceb16c54,species,Animalia,t0049580,Agrotera leucostola,species,Animalia,Leucinodella leucostola,accepted,TRUE
57f06f39-b309-48e7-b2fe-703ff931b26d,species,Animalia,t0056267,Sinibotys habisalis,species,Animalia,Nephelobotys habisalis,accepted,TRUE
30655fe3-fb46-45a5-9515-d50771fcef1b,species,Animalia,t0033443,Torulisquama evenoralis,species,Animalia,Nephelobotys evenoralis,accepted,TRUE
98f5e734-d268-42fd-8242-07aaabd4d3bc,species,Animalia,t0055831,Platyptilia shirozui,species,Animalia,Amblyptilia shirozui,accepted,TRUE
85dad353-5fc4-41e4-bd74-30635f0695ff,infraspecies,Animalia,t0033226,Daimio moori,subspecies,Animalia,Daimio tethys moori,accepted,TRUE
6cb115e2-1844-4f74-9a5a-5ccce8b66588,species,Animalia,t0056476,Tajuria caerulea,subspecies,Animalia,Tajuria yajna caerulea,accepted,TRUE
b7191015-26ca-4138-962c-36d2170901e4,species,Animalia,t0056760,Ypthima okurai,subspecies,Animalia,Ypthima argus okurai,accepted,TRUE
d5c65d0f-b72a-42d8-a942-0e9efddc97d7,species,Animalia,t0052337,Palionebris bacteriota,species,Animalia,Trachydora bacteriota,accepted,TRUE
fc851ca1-0d8a-4212-a8d3-8bd9321eace2,species,Animalia,t0051294,Haplotinea subochraceella,species,Animalia,Edosa subochraceella,accepted,TRUE
3ff05c47-c046-48e1-bee5-d786aec88eb1,species,Animalia,t0033527,Acia exsultans,species,Animalia,Helionides exsultans,accepted,TRUE
f6fa8f2d-f783-48cc-bba1-af2dd4b0eea1,species,Animalia,t0062845,Epiacanthus aurantia,species,Animalia,Pagaronia aurantia,accepted,FALSE
acad3e7f-0ad4-4923-b067-95ecd174e6f3,species,Animalia,t0028635,Nesophrosyne orientalis,species,Animalia,Orosius orientalis,accepted,TRUE
18ae7578-b95c-484a-94d1-89abd5607377,species,Animalia,t0028648,Zygina bisignatella,species,Animalia,Empoascanara bisignatella,accepted,TRUE
31f0009a-6fd2-40de-ad21-25b004aaa024,species,Animalia,t0068650,Megacoelum minutum,species,Animalia,Adelphocorisella minutum,accepted,TRUE
030412b1-daab-42b7-83ad-af552f117586,species,Animalia,t0081260,Neolygus bui,species,Animalia,Miyamotolygus bui,accepted,TRUE
d171e6b6-a482-48f6-9d74-229a65bf4e16,species,Animalia,t0039705,Stenotus longiceps,species,Animalia,Zalmunna longiceps,accepted,TRUE
73dc771a-08b5-4c73-a614-280c6df4b63b,species,Animalia,t0070119,Aconura biglumis,species,Animalia,Changwhania biglumis,accepted,TRUE
d74b5d76-ee61-4c78-a4fc-bf0bc7bb01af,species,Animalia,t0070120,Aconura indrus,species,Animalia,Stirellus indrus,accepted,TRUE
9eabc701-c0e0-4e8f-9f4e-f05753eda713,species,Animalia,t0099771,Aconura breviceps,species,Animalia,Stirellus breviceps,accepted,TRUE
6de875fd-0fb1-4ffa-8153-710613f40a87,species,Animalia,t0070122,Aconura grandis,species,Animalia,Stirellus grandis,accepted,TRUE
77b0612d-23b0-4cbb-b7f9-073465c085bc,species,Animalia,t0070123,Aconura productus,species,Animalia,Stirellus productus,accepted,TRUE
9732bedb-686d-4d63-be14-f1dc40a20bd1,species,Animalia,t0070124,Aconura rubrolineatus,species,Animalia,Stirellus rubrolineatus,accepted,TRUE
737b1253-e478-4c6b-b6d1-9e0a2ee6b7d7,species,Animalia,t0078458,Cicadula bipunctata,species,Animalia,Cicadulina bipunctata,accepted,TRUE
411f2178-282a-4444-9ec5-bf46ed29f41c,species,Animalia,t0061224,Deltocephalus candidus,species,Animalia,Futasujinus candidus,accepted,TRUE
a5512012-d4c3-4997-87c5-c5c7ba5526a2,species,Animalia,t0061226,Deltocephalus tezuyae,species,Animalia,Takagiella tezuyae,accepted,TRUE
c7cf65c8-56b3-4fb1-b6b3-96bef4757345,species,Animalia,t0061966,Doratulina prolixa,species,Animalia,Aconurella prolixa,accepted,TRUE
c753d7dd-f729-44eb-97de-9c9472cf2fd6,species,Animalia,t0066330,Irinula erythrocephala,species,Animalia,Nesoclutha erythrocephala,accepted,TRUE
6a624dff-35a0-49eb-b467-9fd83c77b7c3,species,Animalia,t0068877,Melichariella formosana,species,Animalia,Carvaka formosana,accepted,TRUE
ba2c31ee-87b9-4d98-a131-a9da4ae2df52,species,Animalia,t0037431,Purpuranus rubrostriata,species,Animalia,Varta rubrostriata,accepted,TRUE
a37370cf-2cdb-4776-ab72-de37e3732012,species,Animalia,t0047216,Thamnotettix formosana,species,Animalia,Alishania formosana,accepted,TRUE
6bfd363a-cb45-4299-9e87-48c716e5ebe3,species,Animalia,t0047217,Thamnotettix hokutonis,species,Animalia,Peitouellus hokutonis,accepted,TRUE
74956bb6-69d4-4241-856b-2b7fbf69dad7,species,Animalia,t0047219,Thamnotettix koshunensis,species,Animalia,Hengchunia koshunensis,accepted,TRUE
e7ae91ad-13a9-4f2b-9a36-ca4324575d3c,species,Animalia,t0047222,Thamnotettix wanrianus,species,Animalia,Wanritettix wanrianus,accepted,TRUE
115f449e-dd4b-46c5-84d3-bd765629e367,species,Animalia,t0047301,Thomsoniella porrecta,species,Animalia,Thomsonia porrecta,accepted,TRUE
c5ae4812-bace-4be9-9dd4-b19d6ff0215c,species,Animalia,t0082097,Oliarus formosanus,species,Animalia,Siniarus formosanus,accepted,TRUE
5b733cfc-1ac8-4a33-9c0a-9ce015aa12b1,species,Animalia,t0082099,Oliarus harishanus,species,Animalia,Atretus harishanus,accepted,TRUE
a2e49a27-85b1-4fae-ad16-c703120d446d,species,Animalia,t0082098,Oliarus hopponis,species,Animalia,Arosinus hopponis,accepted,TRUE
8c2300c6-6bfd-4364-afd1-c638c6e2aa02,species,Animalia,t0082100,Oliarus hsui,species,Animalia,Atretus hsui,accepted,TRUE
64b727f8-7661-402c-a2dc-07d1da386997,species,Animalia,t0082101,Oliarus oryzae,species,Animalia,Oteana oryzae,accepted,TRUE
a34edf23-2b54-4fa0-b48e-b201528fc5cf,species,Animalia,t0082102,Oliarus scalenus,species,Animalia,Siniarus scalenus,accepted,TRUE
73d4019a-1044-403b-a40e-f9661ca8620f,species,Animalia,t0082103,Oliarus shiaoi,species,Animalia,Atretus shiaoi,accepted,TRUE
d32539a6-df57-4c4e-af33-72ba65a87537,species,Animalia,t0082106,Oliarus velox,species,Animalia,Arosinus velox,accepted,TRUE
01007098-6ad3-48fe-82ea-4c5f18d82bd4,species,Animalia,t0082107,Oliarus yangi,species,Animalia,Atretus yangi,accepted,TRUE
5a5bcc8a-04da-4f90-9735-563bd9d30ec2,infraspecies,Animalia,t0087513,Cosmoscarta ratonis,subspecies,Animalia,Cosmoscarta uchidae ratonis,accepted,TRUE
cd7e938b-92ae-43d0-9e0c-9f52a4caf6fd,species,Animalia,t0032527,Ricania fumosa,species,Animalia,Trigonrecava fumosa,accepted,TRUE
c4d8e432-544d-460a-86ca-615d29dab5b6,species,Animalia,t0037908,Ricania taeniata,species,Animalia,Trigonrecava taeniata,accepted,TRUE
d784785a-ee47-4b59-86e1-d420279d1d94,species,Animalia,t0028638,Evacanthus formosanus,species,Animalia,Onukiades formosanus,accepted,TRUE
894aadc7-15c2-49f6-b8fe-c8938bd2dba1,species,Animalia,t0028639,Onukia arisana,species,Animalia,Paraonukia arisana,accepted,TRUE
182ef78f-52c7-48cb-839b-3f5628633780,species,Animalia,t0028643,Onukia flavomaculatus,species,Animalia,Bentus flavomaculatus,accepted,TRUE
c863b4d9-8c0d-4a5e-87c2-5bb343601fb4,species,Animalia,t0065221,Hecalus formosanus,species,Animalia,Glossocratus formosanus,accepted,TRUE
d31c2e13-18eb-4334-b77a-bb834b3d5e32,species,Animalia,t0065222,Hecalus lefroyi,species,Animalia,Glossocratus lefroyi,accepted,TRUE
415052f3-304c-4334-9aaa-982c6598f37f,species,Animalia,t0082976,Parabolocratus nitobei,species,Animalia,Thomsonia nitobei,accepted,TRUE
7ca55d33-ee29-44ca-84d2-01de452cca2c,species,Animalia,t0039647,Stenometopius formosanus,species,Animalia,Hodoedocus formosanus,accepted,TRUE
81e6ee14-54e0-42b3-b528-1fcc0942085f,species,Animalia,t0081543,Nesoselandria formosana,species,Animalia,Corrugia formosana,accepted,TRUE
a3563d82-590e-48d3-a8f1-18d79604f9d9,species,Animalia,t0076750,Bracon hispae,species,Animalia,Scutibracon hispae,accepted,TRUE
8072fd25-ccb2-486e-b5f3-f2c2914cb3aa,species,Animalia,t0070377,Aedes lineatopennis,species,Animalia,Neomelaniconion lineatopenne,accepted,TRUE
9f9ae253-2519-40b3-8da2-6f10cab00d67,species,Animalia,t0102400,Aedes albolineatus,species,Animalia,Scutomyia albolineata,deleted,TRUE
af1f784a-8810-41c8-804c-ab1995500f10,species,Animalia,t0070378,Aedes malikuli,species,Animalia,Stegomyia malikuli,accepted,TRUE
821d19cc-41c9-43f1-82f5-e459b359dbeb,species,Animalia,t0081937,Ochlerotatus sinensis,species,Animalia,Downsiomyia sinensis,accepted,TRUE
4150a3f5-6e09-4b45-a46a-1704a84ba381,species,Animalia,t0079812,Culicoides arakawai,species,Animalia,Culicoides arakawae,accepted,TRUE
e9d7a4a9-28d8-4462-8912-2786ea3215c8,species,Animalia,t0071199,Amobina oculata,species,Animalia,Amobia oculata,accepted,TRUE
d3d012a0-e28e-4e8f-bd20-575de93b437f,species,Animalia,t0065170,Harpagophalla phoenicopterus,species,Animalia,Seniorwhitea phoenicopterus,accepted,TRUE
0f3128c7-bd31-4a1e-bdc0-1052501d8dfe,species,Animalia,t0037273,Pterella fasciata,species,Animalia,Protomiltogramma fasciata,accepted,FALSE
0bf4773f-e79d-448b-9f19-39bb5d822d1c,species,Animalia,t0032587,Sarcophaga albiceps,species,Animalia,Parasarcophaga albiceps,accepted,TRUE
38ca38ee-5a4f-4f55-b8ae-57ea59dce4be,species,Animalia,t0038168,Sarcophaga anchoriformis,species,Animalia,Robineauella anchoriformis,accepted,TRUE
9ebf7a69-c897-44b6-888f-374567ec67a8,species,Animalia,t0038169,Sarcophaga antilope,species,Animalia,Sarcorohdendorfia antilope,accepted,TRUE
3bd77c17-0f6c-496b-85d0-09558c229909,species,Animalia,t0038170,Sarcophaga basiseta,species,Animalia,Hoa basiseta,accepted,TRUE
d581d404-8104-4ad2-b77f-c15a003adc49,species,Animalia,t0038171,Sarcophaga beesoni,species,Animalia,Lioproctia beesoni,accepted,TRUE
afc0b6e2-ec38-4598-b347-30f696c8d5b5,species,Animalia,t0038172,Sarcophaga kohla,species,Animalia,Liosarcophaga kohla,accepted,TRUE
f9d12da3-874f-4926-bf71-25f7c7494673,species,Animalia,t0038173,Sarcophaga calicifera,species,Animalia,Asceloctella calicifera,accepted,TRUE
1410098f-4af4-4cba-9fae-a45f0abe479d,species,Animalia,t0038174,Sarcophaga caudagalli,species,Animalia,Pseudothyrsocnema caudagalli,accepted,TRUE
cc113da1-63fb-459c-a17f-8baad50dd603,species,Animalia,t0038176,Sarcophaga concreata,species,Animalia,Parasarcophaga concreata,accepted,TRUE
b01f0eb6-b917-40d4-993e-898e072d84b1,species,Animalia,t0032588,Sarcophaga crinita,species,Animalia,Sarcosolomonia crinita,accepted,TRUE
52fab617-1cac-4ca4-af6d-0d496e2efafb,species,Animalia,t0032589,Sarcophaga dux,species,Animalia,Liosarcophaga dux,accepted,TRUE
2ef88e11-0c91-41a4-a56d-9cf82ab5df60,species,Animalia,t0038177,Sarcophaga fenchihuensis,species,Animalia,Sugiyamamyia fenchihuensis,accepted,TRUE
abd46257-4ac7-469b-b1f5-f808b886b9bf,species,Animalia,t0038178,Sarcophaga formosensis,species,Animalia,Boettcherisca formosensis,accepted,TRUE
8d139a43-4d0f-4a46-859c-b082ceac7faa,species,Animalia,t0038179,Sarcophaga gracilior,species,Animalia,Sarcorohdendorfia gracilior,accepted,TRUE
cb595dfe-98ad-45a0-be1e-5b011a4f8589,species,Animalia,t0038180,Sarcophaga gravelyi,species,Animalia,Phallosphaera gravelyi,accepted,TRUE
f77e3ff4-174e-4389-b227-64b1a3ca22c4,species,Animalia,t0038181,Sarcophaga hainanensis,species,Animalia,Parasarcophaga hainanensis,accepted,TRUE
78d9562b-bc01-47bf-8fe6-2d3890150b54,species,Animalia,t0038182,Sarcophaga hervebazini,species,Animalia,Parasarcophaga hervebazini,accepted,TRUE
ab79e586-2b3f-4943-8d2e-d6450bcbe587,species,Animalia,t0038183,Sarcophaga idmais,species,Animalia,Liosarcophaga idmais,accepted,TRUE
7908aa41-113f-4726-8c26-bf754436d442,species,Animalia,t0038185,Sarcophaga iwuensis,species,Animalia,Liosarcophaga iwuensis,accepted,TRUE
db6edce1-b115-41f4-8926-c44c25c14247,species,Animalia,t0032590,Sarcophaga josephi,species,Animalia,Bellieriomima josephi,accepted,TRUE
35dec07f-a285-49a7-aa62-742ce3bddd14,species,Animalia,t0038186,Sarcophaga princeps,species,Animalia,Seniorwhitea princeps,accepted,TRUE
4c72dd87-228d-4a0f-a41f-8f4b91b88606,species,Animalia,t0038187,Sarcophaga lini,species,Animalia,Myorhina lini,accepted,TRUE
1f28d994-f9d3-45c1-880b-ee70a5b6c9aa,species,Animalia,t0038188,Sarcophaga melanura,species,Animalia,Helicophagella melanura,accepted,TRUE
c77e54f0-0096-4df6-b512-71aa78f50116,species,Animalia,t0038189,Sarcophaga membranocorporis,species,Animalia,Membranophalla membranocorporis,accepted,TRUE
85fcba59-9ab8-48f5-868d-bde02d219e47,species,Animalia,t0032591,Sarcophaga misera,species,Animalia,Parasarcophaga misera,accepted,TRUE
976f2845-9e98-4b8f-a4ab-62f1b71d1735,species,Animalia,t0038190,Sarcophaga nigribasicosta,species,Animalia,Dinemomyia nigribasicosta,accepted,TRUE
89c8c7b0-8d45-44fe-862b-920c875c2664,species,Animalia,t0038192,Sarcophaga ostindicae,species,Animalia,Fengia ostindicae,accepted,TRUE
421622d4-b112-4fb0-ae8b-94340f22ba5e,species,Animalia,t0038193,Sarcophaga pattoni,species,Animalia,Lioproctia pattoni,accepted,TRUE
000ecdb8-04b3-4722-96ca-a8b39c06145b,species,Animalia,t0032592,Sarcophaga peregrina,species,Animalia,Boettcherisca peregrina,accepted,TRUE
2061701a-6969-4f14-91ad-8623c56ec05f,species,Animalia,t0038194,Sarcophaga prosballiina,species,Animalia,Parathyrsocnema prosballiina,accepted,TRUE
11b6fa1b-3b81-47c4-8964-d727cfef32c7,species,Animalia,t0032593,Sarcophaga ruficornis,species,Animalia,Liopygia ruficornis,accepted,TRUE
f188f9a8-7867-4ea5-a6f4-5695bf0a4bad,species,Animalia,t0038195,Sarcophaga schuetzei,species,Animalia,Kramerea schuetzei,accepted,TRUE
02f198c8-3792-47de-bac3-163a291cad59,species,Animalia,t0038196,Sarcophaga scopariiformis,species,Animalia,Liosarcophaga scopariiformis,accepted,TRUE
eccb53e6-1105-419e-8064-75f50c927f19,species,Animalia,t0032594,Sarcophaga taenionota,species,Animalia,Parasarcophaga taenionota,accepted,TRUE
2905cb15-e4ca-40ac-9e72-5b41423c65c7,species,Animalia,t0032595,Sarcophaga serrata,species,Animalia,Hosarcophaga serrata,accepted,TRUE
54d75cb7-0909-42b8-b0d9-833b02c981e2,species,Animalia,t0038197,Sarcophaga taiwanensis,species,Animalia,Johnstonimyia taiwanensis,accepted,TRUE
7ec32710-dec9-48b7-beee-ae9841b6b705,species,Animalia,t0038198,Sarcophaga tristylata,species,Animalia,Liosarcophaga tristylata,accepted,TRUE
79782ffc-7366-4c72-84b3-f1cdcec4f657,species,Animalia,t0038199,Sarcophaga tsengi,species,Animalia,Sugiyamamyia tsengi,accepted,TRUE
ab2c9f79-e769-4ce4-90e8-0ed9999b2ac4,species,Animalia,t0038200,Sarcophaga tuberosa,species,Animalia,Liosarcophaga tuberosa,accepted,TRUE
07e5d6ee-cf0d-4048-933e-16a986180662,species,Animalia,t0062461,Elephantomyia (Elephantomyia),species,Animalia,Elephantomyia (Elephantomyia) luculenta,accepted,TRUE
8ce908ab-06eb-4702-b2d8-bfc6c1685c71,species,Animalia,t0062462,Elephantomyia (Elephantomyia),species,Animalia,Elephantomyia (Elephantomyia) serotina,accepted,TRUE
86644044-f2b3-41f6-9c4b-2005408cdfe4,species,Animalia,t0083930,Phalacrotophora quardrimaculata,species,Animalia,Phalacrotophora quadrimaculata,accepted,TRUE
45e2d73a-2c32-4a7f-b17a-c284615c4428,species,Animalia,t0083929,Phalacrotophora puncifrons,species,Animalia,Phalacrotophora punctifrons,accepted,TRUE
bbca84f0-ff9c-4c50-afe0-adad9b17ce28,species,Animalia,t0071539,Anisogomphus koxingai,species,Animalia,Euthygomphus koxingai,accepted,TRUE
f72c970e-717c-4598-9cda-0f5f60697d30,species,Animalia,t0077062,Calicnemis eximia,species,Animalia,Calicnemia eximia,accepted,FALSE
09d65873-e37e-4e45-98bc-2f9a617ffc12,species,Animalia,t0079260,Copera ciliata,species,Animalia,Pseudocopera ciliata,accepted,TRUE
a0fc262e-b8b0-4280-9701-6e46c6d0ffe3,species,Animalia,t0068271,Macromia berlandi,subspecies,Animalia,Macromia cupricincta berlandi,accepted,TRUE
01026e8a-5f3d-45c9-b4a9-a3fd5ccddb7d,species,Animalia,t0046932,Tenodera capitata,species,Animalia,Epitenodera capitata,accepted,FALSE
042ddad2-58a1-42e6-a080-0cf42e9822ea,species,Animalia,t0061939,Dolophilodes minchiensis,species,Animalia,Kisaura minchiensis,accepted,TRUE
a11c2482-f044-4bcd-8941-ab7749e8a616,species,Animalia,t0064475,Gibosia lucida,species,Animalia,Flavoperla lucida,accepted,TRUE
c985a5bc-442d-4630-a6fb-a8f256b3f5ad,species,Animalia,t0062790,Eoxizicus taiwanensis,species,Animalia,Xizicus taiwanensis,accepted,TRUE
3ea73087-38d8-4418-b5af-ec499e10cf05,species,Animalia,t0063570,Euscyrtus ogatai,species,Animalia,Euscyrtodes ogatai,accepted,TRUE
bb72f03f-de08-441b-8756-a772bd23a3db,species,Animalia,t0048577,Velarifictorus koshunensis,species,Animalia,Turanogryllus koshunensis,accepted,TRUE
d41f296c-4dd8-4112-bddd-378dec4d9ee4,species,Animalia,t0084233,Phryganogryllacris subrectis,species,Animalia,Bicornisgryllacris subrectis,accepted,TRUE
34624f66-bf4d-44f8-9c3e-c62e035a1136,species,Animalia,t0031743,Periplaneta karnyi,species,Animalia,Hobbitoblatta karnyi,accepted,TRUE
25a7a78f-e70b-4da8-9c9e-ef7cc325d8af,species,Animalia,t0103436,Periplaneta svenhedini,species,Animalia,Arcicaulis svenhedini,accepted,TRUE
444c490d-0b37-4111-bb2e-0491a2f1edc1,species,Animalia,t0082914,Panorpa japonica,species,Animalia,Mavropanorpa japonica,accepted,TRUE
894c15e8-5b35-4dad-84ea-dcb5d12fffb9,species,Animalia,t0082917,Panorpa longiramina,species,Animalia,Wornorpa longiramina,accepted,TRUE
e3ed8bbe-d736-4b6f-875b-715acaaeb5d4,species,Animalia,t0082920,Panorpa nudiramus,species,Animalia,Wornorpa nudiramus,accepted,TRUE
9d92c99a-81d5-436c-8afb-8cfb2026d694,species,Animalia,t0082921,Panorpa ochraceocauda,species,Animalia,Wornorpa ochraceocauda,accepted,TRUE
81fc643c-9c1f-4dc5-b3f0-a5003e11abcf,species,Animalia,t0082924,Panorpa peterseana,species,Animalia,Wornorpa peterseana,accepted,TRUE
39bff950-e5d7-4720-93e3-9af42e241688,species,Animalia,t0039227,Sipyloidea okunii,species,Animalia,Otraleus okunii,accepted,TRUE
0ad67ca9-33e3-48e9-a059-eae5fc80f501,species,Animalia,t0076307,Bathyphantes tongluensis,species,Animalia,Wuliphantes tongluensis,accepted,FALSE
7b675d44-5433-4df3-b30a-4567eb668853,species,Animalia,t0081240,Neolinyphia nigripectoris,species,Animalia,Ketambea nigripectoris,accepted,FALSE
8aacd5f2-f294-4e27-ba0a-3b42ad7e80a6,species,Animalia,t0081956,Ocrisiona frenata,species,Animalia,Kelawakaju frenata,accepted,FALSE
2034d458-0dc0-4347-ab60-68ebe1cf9503,infraspecies,Animalia,t0027927,Metadentobunus formosae garampiensis,species,Animalia,Metadentobunus garampiensis,accepted,TRUE
c461a06a-d54d-4b6c-8ca1-8d7727826985,infraspecies,Animalia,t0085266,Anthus rubescens japonicus,species,Animalia,Anthus japonicus,accepted,TRUE
1f7663d2-62ae-49d2-ad7d-758ff643c641,infraspecies,Animalia,t0086251,Sinosuthora webbiana bulomachus,subspecies,Animalia,Paradoxornis webbianus bulomachus,accepted,TRUE
03519181-616a-4f5b-87dd-36be6d1d7228,infraspecies,Animalia,t0029749,Horornis acanthizoides concolor,subspecies,Animalia,Cettia acanthizoides concolor,accepted,TRUE
505aff80-12f4-4377-9865-7efc3e038ec4,infraspecies,Animalia,t0086082,Pericrocotus solaris griseogularis,species,Animalia,Pericrocotus griseogularis,accepted,TRUE
135732d4-c890-4a1b-a904-d47def022f54,infraspecies,Animalia,t0031646,Parus minor commixtus,subspecies,Animalia,Parus cinereus commixtus,accepted,TRUE
a49ae946-1f05-4768-9b2f-72c9d5e59903,infraspecies,Animalia,t0085780,Hypsipetes leucocephalus nigerrimus,species,Animalia,Hypsipetes nigerrima,accepted,TRUE
7cf54952-75af-4f6d-bbdb-c7cb90f28e30,infraspecies,Animalia,t0085399,Hirundo daurica japonica,subspecies,Animalia,Cecropis daurica japonica,accepted,TRUE
6b7577fc-0779-45d0-abc9-fb12d9b5614f,infraspecies,Animalia,t0085400,Cecropis striolata striolata,subspecies,Animalia,Cecropis daurica striolata,accepted,TRUE
4a0e6c84-cebf-4b5e-9983-f511e80c87e0,infraspecies,Animalia,t0085557,Delichon urbicum lagopodum,species,Animalia,Delichon lagopodum,accepted,TRUE
0972fa7d-e0d8-4dbb-b0ec-34d296000059,infraspecies,Animalia,t0105687,Passer cinnamomeus rutilans,species,Animalia,Passer rutilans,deleted,TRUE
6edc0f8d-5367-4984-94d4-d2a4f59f4b0a,infraspecies,Animalia,t0085160,Accipiter badia poliopsis,subspecies,Animalia,Tachyspiza badia poliopsis,accepted,TRUE
fea1180f-5663-4500-95bd-c8e8530e1038,infraspecies,Animalia,t0057534,Accipiter gentilis fujiyamae,subspecies,Animalia,Astur gentilis fujiyamae,accepted,TRUE
8b793d63-11b9-47e2-b5bd-6fb62571ca19,infraspecies,Animalia,t0057537,Accipiter trivirgatus formosae,subspecies,Animalia,Lophospiza trivirgata formosae,accepted,TRUE
6b2f477b-2331-40c0-87c2-e97d606daf03,infraspecies,Animalia,t0085162,Accipiter trivirgatus indica,subspecies,Animalia,Lophospiza trivirgata indica,accepted,TRUE
83d5702a-0f7d-44cb-bb4b-0363432d7683,infraspecies,Animalia,t0057538,Accipiter virgatus fuscipectus,subspecies,Animalia,Tachyspiza virgata fuscipectus,accepted,TRUE
ff09956d-ea7a-4568-980f-7c0d7f5b6f0a,infraspecies,Animalia,t0085163,Accipiter virgatus affinis,subspecies,Animalia,Tachyspiza virgata affinis,accepted,TRUE
a61058dc-a648-417c-91f3-dfd53dfbecb8,infraspecies,Animalia,t0101044,Numenius phaeopus hudsonicus,species,Animalia,Numenius hudsonicus,accepted,TRUE
0514714c-df1d-4a4f-9791-2261e5b65a57,infraspecies,Animalia,t0085806,Larus argentatus vegae,species,Animalia,Larus vegae,accepted,TRUE
e990d3c4-b6c2-44ce-91d2-d9ff729942a9,infraspecies,Animalia,t0085805,Larus argentatus mongolicus,species,Animalia,Larus mongolicus,accepted,TRUE
e95c51ba-0f2c-4239-9006-6aaf814d506f,infraspecies,Animalia,t0029968,Bubulcus ibis coromandus,species,Animalia,Ardea coromanda,accepted,TRUE
024eab03-550f-4acd-bdf0-15914a80dac8,infraspecies,Animalia,t0085187,Aerodramus germani germani,species,Animalia,Aerodramus fuciphagus,accepted,TRUE
863ed427-99f8-4381-b58c-d4e835c1df07,infraspecies,Animalia,t0085109,Taenioptynx brodiei pardalotum,subspecies,Animalia,Glaucidium brodiei pardalotum,accepted,TRUE
6daa77e3-6e67-44ce-902b-05e6fec79b82,infraspecies,Animalia,t0031783,Phalacrocorax carbo sinensis,species,Animalia,Pelecanus sinensis,accepted,TRUE
3aea498c-a638-4e2b-99f8-ea9077952794,infraspecies,Animalia,t0102329,Pseudagkistrodon rudis rudis,subspecies,Animalia,Macropisthodon rudis rudis,deleted,TRUE
bedf71e6-7777-4b95-9dc0-336dee8d49c7,infraspecies,Animalia,t0100993,Sula leucogaster brewsteri,species,Animalia,Sula brewsteri,accepted,TRUE
97004abd-9e65-4274-b392-c7d9f1d9fb9b,infraspecies,Animalia,t0086271,Spondylus squamosus cruentus,subspecies,Animalia,Spondylus barbatus cruentus,accepted,TRUE
1e2bfd98-ba41-4cd6-8d1f-e2e706c54a19,infraspecies,Animalia,t0087681,Oliva annulata amethystina,form,Animalia,Oliva annulata fo. amethystina,accepted,TRUE
ab00a4e7-95a4-4683-8e2c-3781475b5e1e,infraspecies,Animalia,t0087682,Oliva annulata intricata,form,Animalia,Oliva annulata fo. intricata,accepted,TRUE
80af163d-9ee6-4e79-83a6-e79c39fc677e,infraspecies,Animalia,t0087684,Oliva mustelina lanberti,form,Animalia,Oliva mustelina fo. lanberti,accepted,TRUE
de39ef17-76b4-40f6-a368-c51c7f3da49d,infraspecies,Animalia,t0087685,Oliva reticulata zigzag,form,Animalia,Oliva reticulata fo. zigzag,accepted,TRUE
115f82bc-6c11-4840-aa92-b7c9137d0ee2,infraspecies,Animalia,t0087683,Oliva carneola bizonalis,form,Animalia,Oliva carneola fo. bizonalis,accepted,TRUE
5e1dbd06-7bc2-4d67-afa6-d951d0fd3d1a,infraspecies,Animalia,t0087607,Turridrupa astricta consobrina,variety,Animalia,Turridrupa astricta var. consobrina,accepted,TRUE
d6807d73-ceee-4941-a3ce-f2364acabdec,infraspecies,Animalia,t0087671,Babylonia areolata austraoceanensis,form,Animalia,Babylonia areolata fo. austraoceanensis,accepted,TRUE
bb664ed4-343a-49ce-bc1a-a5af7df5dffc,infraspecies,Animalia,t0087675,Conus eburneus polyglotta,form,Animalia,Conus eburneus fo. polyglotta,accepted,TRUE
f3638514-0258-4bed-80cf-325c4d2f2cd5,infraspecies,Animalia,t0102854,Cerithidea cingulata microptera,species,Animalia,Pirenella microptera,deleted,TRUE
ef3557ae-4785-4507-904a-f00cba333831,infraspecies,Animalia,t0102860,Cerithidea cingulata cingulata,species,Animalia,Pirenella cingulata,deleted,FALSE
92e56340-49f1-458e-9dac-9cdeaf7939cc,infraspecies,Animalia,t0087679,Echininus cumingii spinulosus,form,Animalia,Echininus cumingii fo. spinulosus,accepted,TRUE
4439a576-bef1-4103-babc-8b69e8d9cdba,infraspecies,Animalia,t0087678,Echininus cumingii luchuana,form,Animalia,Echininus cumingii fo. luchuana,accepted,TRUE
c1b658c3-118f-40bd-95c4-74b8e1f932d7,infraspecies,Animalia,t0087677,Echininus cumingii cinerea,form,Animalia,Echininus cumingii fo. cinerea,accepted,TRUE
983dbfb5-b433-496f-aca9-349eec048aba,infraspecies,Animalia,t0087689,Terebellum terebellum delicatum,form,Animalia,Terebellum terebellum fo. delicatum,accepted,TRUE
16552856-1bcd-4c0a-826e-15f830405b6d,infraspecies,Animalia,t0087690,Terebellum terebellum lineatum,form,Animalia,Terebellum terebellum fo. lineatum,accepted,TRUE
2c18fde3-a797-4b2e-bbfc-0c6a29827d02,infraspecies,Animalia,t0087691,Terebellum terebellum punctulorum,form,Animalia,Terebellum terebellum fo. punctulorum,accepted,TRUE
515cca98-5483-4a05-82bc-48e6d3bc83b0,infraspecies,Animalia,t0087687,Pyramidella dolabrata terebellum,form,Animalia,Pyramidella dolabrata fo. terebellum,accepted,TRUE
2b8f3ddc-3f00-49fc-8f3e-93877c9fa98a,infraspecies,Animalia,t0087688,Pyramidella sulcata terebella,form,Animalia,Pyramidella sulcata fo. terebella,accepted,TRUE
3ac5a1ea-c1a6-433b-a896-2ace183f272d,infraspecies,Animalia,t0087511,Diacria quadridentata costata,variety,Animalia,Diacria quadridentata var. costata,accepted,TRUE
90e330e8-3662-4bae-8bcb-345cb5b99ca9,infraspecies,Animalia,t0087672,Cantharidus callichrous bisbalteata,form,Animalia,Cantharidus callichrous fo. bisbalteata,accepted,TRUE
f2b08997-01c7-40b7-a4a4-7a626c9b86e4,infraspecies,Animalia,t0085706,Ginebis argenteonitens argenteonitens tosana,subspecies,Animalia,Ginebis convexiuscula tosana,accepted,TRUE
2e7acb57-0aa3-4a8d-8ad8-0e39fd90b5ff,infraspecies,Animalia,t0085271,Aphanoconia hungerfordianum hainanensis,subspecies,Animalia,Aphanoconia hungerfordiana hainanensis,accepted,TRUE
5054672e-6d78-466c-a3ce-0c7fcf8e96fb,infraspecies,Animalia,t0087674,Cellana grata steansii,form,Animalia,Cellana grata fo. steansii,accepted,TRUE
78fa8e4d-bfb2-4cb3-8cfd-488361829602,infraspecies,Animalia,t0087673,Cellana grata eucosmia,form,Animalia,Cellana grata fo. eucosmia,accepted,TRUE
d683ed99-7237-4477-817e-5a8f63a20641,infraspecies,Animalia,t0087686,Patelloida pygmaea conulus,form,Animalia,Patelloida pygmaea fo. conulus,accepted,TRUE
463c03d6-ad41-4c5e-8f89-fe5a62b50880,infraspecies,Animalia,t0029934,Brachionus angularis bidens,variety,Animalia,Brachionus angularis var. bidens,accepted,TRUE
f2e28b70-3c51-4d44-8bd1-e493721172cd,infraspecies,Animalia,t0087504,Brachionus angularis chelonis,variety,Animalia,Brachionus angularis var. chelonis,accepted,TRUE
a29932dd-4e93-4c1c-9f52-bc5f025aab35,infraspecies,Animalia,t0087505,Brachionus calyciflorus amphiceros,variety,Animalia,Brachionus calyciflorus var. amphiceros,accepted,TRUE
3ef294c4-85df-47f0-afdf-674676d50697,infraspecies,Animalia,t0087506,Brachionus calyciflorus anuraeiformis,variety,Animalia,Brachionus calyciflorus var. anuraeiformis,accepted,TRUE
0edd87ae-96f0-44db-850a-77a9beaa34dd,infraspecies,Animalia,t0087508,Brachionus quadridentatus brevispinus,variety,Animalia,Brachionus quadridentatus var. brevispinus,accepted,TRUE
ddd32990-66ea-4185-8f1e-afef03839fa3,infraspecies,Animalia,t0087680,Lepadella patella onga,form,Animalia,Lepadella patella fo. onga,accepted,TRUE
9ab28aff-8784-4520-8080-df3d27ef24d0,infraspecies,Animalia,t0086443,Xylotrupes mniszechi peregrinus,subspecies,Animalia,Xylotrupes philippinensis peregrinus,accepted,TRUE
a2ba3d83-a843-46fa-ac9e-3a8dfe5ef746,infraspecies,Animalia,t0028710,Dorcus curvidens formosanus,subspecies,Animalia,Dorcus hopei formosanus,accepted,TRUE
7327d484-8cf8-4e40-8147-a2d6699fe1b6,infraspecies,Animalia,t0085862,Lucanus kanoi piceus,species,Animalia,Lucanus piceus,accepted,TRUE
e572c5fa-f87f-4fbe-b362-d9867dfa168a,infraspecies,Animalia,t0085861,Lucanus kanoi ogakii,species,Animalia,Lucanus ogakii,accepted,TRUE
8a42d182-e989-4862-9d6c-cc564b4add2e,infraspecies,Animalia,t0027594,Lucanus maculifemoratus taiwanus,subspecies,Animalia,Lucanus dybowski taiwanus,accepted,TRUE
b959e901-9025-4624-bdd1-c900f90bfb2f,infraspecies,Animalia,t0085629,Eobia curticornis curticornis,subspecies,Animalia,Eobia cinereipennis curticornis,accepted,TRUE
78804ded-7638-48a5-add6-da264c60b3f7,infraspecies,Animalia,t0084858,Lymantria mathura subpallida,species,Animalia,Lymantria subpallida,accepted,TRUE
e7129bcc-9f74-451a-9db0-0a3660fba08a,infraspecies,Animalia,t0084984,Pseudocoladenia dan sadakoe,species,Animalia,Pseudocoladenia sadakoe,accepted,TRUE
25ffa1bf-adc6-4d55-bddc-715ecbb73fc1,infraspecies,Animalia,t0084884,Neptis hesione podarces,species,Animalia,Neptis podarces,accepted,TRUE
da2f7568-b4dc-4f1c-b9c0-40b786d28f1d,infraspecies,Animalia,t0085010,Symbrenthia lilaea formosanus,species,Animalia,Symbrenthia formosanus,accepted,TRUE
3dfad919-1c28-4477-a4e2-f67be832b4f2,infraspecies,Animalia,t0029104,Eurema brigitta hainana,subspecies,Animalia,Eurema drona hainana,accepted,TRUE
0e89f1b7-cede-412d-8cc9-c030800a0387,infraspecies,Animalia,t0084664,Aporia agathon moltrechti,species,Animalia,Aporia moltrechti,accepted,TRUE
1b97f4c9-1d7f-410e-acd5-1230cc66da6d,infraspecies,Animalia,t0084665,Aporia gigantea cheni,subspecies,Animalia,Aporia kuangtungensis cheni,accepted,TRUE
9f55cecc-0a04-4cb7-b048-369d03cb8c65,infraspecies,Animalia,t0087503,Bothrogonia ferruginea apicalis,variety,Animalia,Bothrogonia ferruginea var. apicalis,accepted,TRUE
7aa1169f-519c-495e-8267-316b7900dbb4,infraspecies,Animalia,t0087515,Philagra fusiformis numerosa,variety,Animalia,Philagra fusiformis var. numerosa,accepted,TRUE
c0247359-2623-4a25-8b25-b4094bc557eb,infraspecies,Animalia,t0087509,Cosmoscarta bispecularis formosana,variety,Animalia,Cosmoscarta bispecularis var. formosana,accepted,TRUE
3d44aebf-a808-406a-9f07-92efc26f5b01,infraspecies,Animalia,t0087510,Cosmoscarta rubroscutellata ater,variety,Animalia,Cosmoscarta rubroscutellata var. ater,accepted,TRUE
f7144617-e949-4f77-9550-4cbd2613f0d0,infraspecies,Animalia,t0087514,Okiscarta uchidae reticulata,variety,Animalia,Okiscarta uchidae var. reticulata,deleted,TRUE
6c7c62ff-45bd-4e1c-af7c-d96b5bee0545,infraspecies,Animalia,t0087676,Culex pipiens molestus,form,Animalia,Culex pipiens fo. molestus,accepted,TRUE
a5b2b7d7-bf82-4692-9217-48bddbb82eab,infraspecies,Animalia,t0085241,Anax parthenope julius,species,Animalia,Anax julius,accepted,TRUE
6f5208a4-0e18-41c4-845c-7a907add218d,infraspecies,Animalia,t0086122,Aeschnophlebia ishigakiana flavostria,subspecies,Animalia,Planaeschna ishigakiana flavostria,accepted,TRUE
48f4f144-dc14-4072-a9f6-87b5fa8cb261,infraspecies,Animalia,t0086012,Onychothemis testacea tonkinensis,species,Animalia,Onychothemis tonkinensis,accepted,TRUE
88cd4119-cf1f-4838-95c3-747dd5370dae,infraspecies,Animalia,t0086250,Micadina hoenei formosanum,subspecies,Animalia,Sinophasma hoenei formosanum,accepted,TRUE
8e6080ee-23ae-41ee-b616-8d656338e241,infraspecies,Animalia,t0085591,Drupa ricinus albolabris,subspecies,Animalia,Drupa ricina albolabris,accepted,TRUE
3331e824-0f6a-4f06-a145-5beb26f39099,infraspecies,Animalia,t0030801,Cusiala boarmioides boarmoides,subspecies,Animalia,Cusiala boarmoides boarmoides,accepted,TRUE
911e3b0f-cbd0-4d95-9509-eb2e063de7ea,species,Animalia,t0085439,Anarhynchus mongolus,subspecies,Animalia,Anarhynchus mongolus mongolus,accepted,TRUE
ee0c66fd-cf31-469d-a940-b0c735f3b6c2,infraspecies,Animalia,t0085434,Anarhynchus alexandrinus,subspecies,Animalia,Anarhynchus alexandrinus alexandrinus,accepted,TRUE
74eded14-8860-4fde-8b93-dff81f34bb7c,infraspecies,Animalia,t0085438,Anarhynchus leschenaultii,subspecies,Animalia,Anarhynchus leschenaultii leschenaultii,accepted,TRUE
9f357184-4816-4254-bdef-e267f4436c17,infraspecies,Animalia,t0105419,Priotyrannus closteroides,subspecies,Animalia,Priotyrannus closteroides closteroides,accepted,TRUE
284a8745-887d-4c46-87bc-b70215cec60b,infraspecies,Animalia,t0085130,Priotyrannus lutauensis,subspecies,Animalia,Priotyrannus closteroides lutauensis,accepted,TRUE
c7e5ba9a-a9e4-419d-a51f-7f9366bcec83,infraspecies,Animalia,t0085435,Anarhynchus nihonensis,subspecies,Animalia,Anarhynchus alexandrinus nihonensis,accepted,TRUE
