TT_taxonUUID,TT_taxonRank,TT_kingdom,TT_taiCOLNameCode,TT_simplifiedScientificName,TT_URL
e17e96ea-56c7-4826-a9c6-22dcc2fa33bf,order,Animalia,"",Gastropoda ordo incertae sedis,https://taxatree.tbn.org.tw/taxa/e17e96ea-56c7-4826-a9c6-22dcc2fa33bf
4de8f823-779f-4b5d-9230-a9b25937730f,order,Animalia,"",Polychaeta ordo incertae sedis,https://taxatree.tbn.org.tw/taxa/4de8f823-779f-4b5d-9230-a9b25937730f
1ad38a59-ff03-42f5-a001-26d8cfdf335f,suborder,Animalia,"",Lacertilia,https://taxatree.tbn.org.tw/taxa/1ad38a59-ff03-42f5-a001-26d8cfdf335f
810b4a50-36c5-4cfa-8426-f7fd1bc7ff81,family,Animalia,"",Lorisidae,https://taxatree.tbn.org.tw/taxa/810b4a50-36c5-4cfa-8426-f7fd1bc7ff81
1a85b941-b1be-466e-8923-822fe688d8ba,family,Animalia,"",Caviidae,https://taxatree.tbn.org.tw/taxa/1a85b941-b1be-466e-8923-822fe688d8ba
26464dbe-41ae-4663-86dc-8314a93861d0,genus,Animalia,"",Ovis,https://taxatree.tbn.org.tw/taxa/26464dbe-41ae-4663-86dc-8314a93861d0
029a1fbf-52f6-4d65-bb20-83e477819466,genus,Animalia,"",Antidorcas,https://taxatree.tbn.org.tw/taxa/029a1fbf-52f6-4d65-bb20-83e477819466
e9c38591-bd7f-4f11-8fd5-394b77cc2cc6,genus,Animalia,"",Mesocricetus,https://taxatree.tbn.org.tw/taxa/e9c38591-bd7f-4f11-8fd5-394b77cc2cc6
c198e721-573e-4551-b5f8-0c1f89eb51b6,genus,Animalia,"",Panthera,https://taxatree.tbn.org.tw/taxa/c198e721-573e-4551-b5f8-0c1f89eb51b6
1940fc57-c9bf-474a-a8a6-40c7906600be,genus,Animalia,"",Phodopus,https://taxatree.tbn.org.tw/taxa/1940fc57-c9bf-474a-a8a6-40c7906600be
cbc0bd5b-7614-4645-8a5f-002f0ae2c8a3,genus,Animalia,"",Tamias,https://taxatree.tbn.org.tw/taxa/cbc0bd5b-7614-4645-8a5f-002f0ae2c8a3
f8d7eb8a-b255-4d03-9def-91daee54b663,genus,Animalia,"",Urotrichus,https://taxatree.tbn.org.tw/taxa/f8d7eb8a-b255-4d03-9def-91daee54b663
ee3aa6e0-e276-4a70-993d-b118cff258e0,genus,Animalia,"",Helarctos,https://taxatree.tbn.org.tw/taxa/ee3aa6e0-e276-4a70-993d-b118cff258e0
04599a69-21aa-4ce9-bca7-c4f1a38a4740,genus,Animalia,"",Oryctolagus,https://taxatree.tbn.org.tw/taxa/04599a69-21aa-4ce9-bca7-c4f1a38a4740
f6e5eb70-cb8c-46d2-af39-1604970ecc97,genus,Animalia,"",Vulpes,https://taxatree.tbn.org.tw/taxa/f6e5eb70-cb8c-46d2-af39-1604970ecc97
9909a0ee-3934-4890-b3dc-759cc7e7227b,species,Animalia,"",Miniopterus magnater,https://taxatree.tbn.org.tw/taxa/9909a0ee-3934-4890-b3dc-759cc7e7227b
c425101b-cbc1-45f8-a254-8807d78cf6e4,species,Animalia,"",Murina hilgendorfi,https://taxatree.tbn.org.tw/taxa/c425101b-cbc1-45f8-a254-8807d78cf6e4
a4125221-169a-4730-a71b-42e61fd01771,species,Animalia,"",Eptesicus nilssonii,https://taxatree.tbn.org.tw/taxa/a4125221-169a-4730-a71b-42e61fd01771
a5640d3b-aa7e-4b2e-a093-3636fa2247f5,species,Animalia,"",Plecotus sacrimontis,https://taxatree.tbn.org.tw/taxa/a5640d3b-aa7e-4b2e-a093-3636fa2247f5
31e4c4b6-55a4-40a1-b6d2-533fb5cfb1ac,species,Animalia,"",Rhinolophus cornutus,https://taxatree.tbn.org.tw/taxa/31e4c4b6-55a4-40a1-b6d2-533fb5cfb1ac
f57cf28c-d944-4722-a868-5e5693a75ac0,species,Animalia,"",Rhinolophus ferrumequinum,https://taxatree.tbn.org.tw/taxa/f57cf28c-d944-4722-a868-5e5693a75ac0
b347bec6-28b2-4b0c-857f-c6df50554216,species,Animalia,"",Mustela furo,https://taxatree.tbn.org.tw/taxa/b347bec6-28b2-4b0c-857f-c6df50554216
d2f83844-fc68-49a3-994a-7ecf800561e7,genus,Animalia,"",Cavia,https://taxatree.tbn.org.tw/taxa/d2f83844-fc68-49a3-994a-7ecf800561e7
2795de51-afc8-4145-9792-91b47a996f3a,species,Animalia,"",Ovis aries,https://taxatree.tbn.org.tw/taxa/2795de51-afc8-4145-9792-91b47a996f3a
57b79f95-3ec9-48d7-8b6b-4e2d6dadc2d6,species,Animalia,"",Antidorcas marsupialis,https://taxatree.tbn.org.tw/taxa/57b79f95-3ec9-48d7-8b6b-4e2d6dadc2d6
de68e296-4017-4e86-8975-6b921cdf2f39,species,Animalia,"",Helarctos malayanus,https://taxatree.tbn.org.tw/taxa/de68e296-4017-4e86-8975-6b921cdf2f39
6737df18-5af8-4063-8c26-6aeedd361c5d,species,Animalia,"",Oryctolagus cuniculus,https://taxatree.tbn.org.tw/taxa/6737df18-5af8-4063-8c26-6aeedd361c5d
4692064b-c590-446e-825a-cf53e871de65,species,Animalia,"",Mesocricetus auratus,https://taxatree.tbn.org.tw/taxa/4692064b-c590-446e-825a-cf53e871de65
6068734b-980b-45e7-a8da-cfd8674b3921,species,Animalia,"",Vulpes vulpes,https://taxatree.tbn.org.tw/taxa/6068734b-980b-45e7-a8da-cfd8674b3921
80ee2f37-ca69-4cda-94c2-0c6b8b5ebf04,species,Animalia,"",Panthera pardus,https://taxatree.tbn.org.tw/taxa/80ee2f37-ca69-4cda-94c2-0c6b8b5ebf04
ae00bc13-6d1c-4fc7-a9ee-cb4554472885,species,Animalia,"",Panthera tigris,https://taxatree.tbn.org.tw/taxa/ae00bc13-6d1c-4fc7-a9ee-cb4554472885
7e8fdcc4-452c-47db-8c78-231b007bafcf,species,Animalia,"",Phodopus sungorus,https://taxatree.tbn.org.tw/taxa/7e8fdcc4-452c-47db-8c78-231b007bafcf
4438e066-0a45-41df-ba32-7a6a9ff9d2d6,species,Animalia,"",Tamias sibiricus,https://taxatree.tbn.org.tw/taxa/4438e066-0a45-41df-ba32-7a6a9ff9d2d6
fe1f4adf-4b7f-4942-9bf6-5efeca8ce341,species,Animalia,"",Cavia porcellus,https://taxatree.tbn.org.tw/taxa/fe1f4adf-4b7f-4942-9bf6-5efeca8ce341
aabbfc8b-d55b-4750-94a3-9a9ea9ee4a7f,species,Animalia,"",Urotrichus talpoides,https://taxatree.tbn.org.tw/taxa/aabbfc8b-d55b-4750-94a3-9a9ea9ee4a7f
1b9c91da-d05c-4ede-9a84-66f77acbfb0c,infraspecies,Animalia,"",Oryctolagus cuniculus domesticus,https://taxatree.tbn.org.tw/taxa/1b9c91da-d05c-4ede-9a84-66f77acbfb0c
5f56504c-0370-48e8-87f4-b62da412d2c7,infraspecies,Animalia,"",Panthera tigris tigris,https://taxatree.tbn.org.tw/taxa/5f56504c-0370-48e8-87f4-b62da412d2c7
